year,name,rank,pos
 2004,S,1,o
 2004,T,2,i
 2004,O,3,m
 2004,D,4,e
 2004,B,5,r
 2004,J,6,o
 2004,D,7,a
 2004,M,8,a
 2004,J,9,a
 2004,C,10,h
 2004,R,11,y
 2004,A,12,n
 2004,K,13,y
 2004,D,14,a
 2004,T,15,y
 2004,A,16,l
 2004,J,17,a
 2004,D,18,a
 2004,B,19,r
 2004,J,20,o
 2004,M,21,a
 2004,R,22,e
 2004,D,23,r
 2004,K,24,e
 2004,C,25,l
 2004,C,26,h
 2004,J,27,a
 2004,B,28,r
 2004,G,29,i
 2004,J, ,e
 2004,C,31,h
 2004,S,32,t
 2004,P,33,a
 2004,B,34,r
 2004,A,35,a
 2004,D,36,r
 2004,J,37,o
 2004,K,38,e
 2004,D,39,a
 2004,C,40,o
 2004,J,41,o
 2004,S,42,t
 2004,J,43,e
 2004,S,44,t
 2004,K,45,e
 2004,B,46,r
 2004,B,47,u
 2004,J,48,a
 2004,D,49,a
 2004,W,81,y
 2004,C,121,h
 2004,M,50,i
 2004,J,51,o
 2004,W,52,a
 2004,J,53,a
 2004,B,54,r
 2004,R,55,e
 2004,N,56,i
 2004,J,57,a
 2004,P,58,a
 2004,B,59,r
 2004,C,60,h
 2004,J,61,o
 2004,M,62,a
 2004,J,63,o
 2004,D,82,o
 2004,J,83,u
 2004,D,84,r
 2004,J,85,o
 2004,R,86,y
 2004,P,87,a
 2004,E,88,t
 2004,C,89,a
 2004,E,90,r
 2004,D,91,y
 2004,K,122,r
 2004,B,123,r
 2004,K,124,u
 2004,A,125,a
 2004,B,126,r
 2004,R,127,i
 2004,B,128,r
 2004,D,129,a
 2004,P,130,.
 2004,B,201,r
 2004,J,202,a
 2004,C,241,o
 2004,J, ,a
 2004,N,243,a
 2004,C, ,J
 2004,R,245,e
 2004,C, ,l
 2004,M,64,a
 2004,B,65,r
 2004,T,66,r
 2004,R,67,y
 2004,R,68,a
 2004,L,69,e
 2004,P,70,e
 2004,V,71,i
 2004,J,321,o
 2004,C,361,h
 2004,A,92,d
 2004,T,93,o
 2004,D,94,a
 2004,J,95,o
 2004,M,96,a
 2004,S,97,h
 2004,S,98,h
 2004,A,99,l
 2004,J,100,o
 2004,K,101,o
 2004,M,102,a
 2004,O,103,m
 2004,J,104,u
 2004,J,131,e
 2004,A,132,u
 2004,D,133,.
 2004,B,134,e
 2004,S,135,h
 2004,B,136,r
 2004,A,137,l
 2004,A,138,n
 2004,G,139,r
 2004,T,140,r
 2004,B,141,r
 2004,D,142,.
 2004,A,143,d
 2004,R,203,e
 2004,D,204,e
 2004,M, ,a
 2004,D,206,a
 2004,G,207,r
 2004,K, ,y
 2004,D,209,a
 2004,C,210,u
 2004,K, ,e
 2004,C, ,h
 2004,D,249,e
 2004,I, ,k
 2004,T,251,r
 2004,F, ,a
 2004,M,253,i
 2004,D,72,u
 2004,J,73,a
 2004,S,74,c
 2004,M, ,a
 2004,Z,76,a
 2004,T,77,r
 2004,B,78,r
 2004,Z,79,a
 2004,S,80,t
 2004,C,322,a
 2004,B, ,r
 2004,A, ,d
 2004,C, ,h
 2004,B, ,r
 2004,J,327,a
 2004,D, ,a
 2004,M, ,i
 2004,T, ,o
 2004,P, ,e
 2004,D, ,a
 2004,J, ,e
 2004,M,334,a
 2004,B,161,r
 2004,J, ,e
 2004,K, ,u
 2004,J, ,u
 2004,P, ,a
 2004,J, ,.
 2004,R, ,e
 2004,T, ,o
 2004,C, ,a
 2004,S, ,p
 2004,C, ,e
 2004,J, ,a
 2004,T, ,.
 2004,C,105,a
 2004,A,106,a
 2004,J,107,o
 2004,C,108,o
 2004,S,109,y
 2004,J,110,o
 2004,T,111,y
 2004,J,112,a
 2004,S,113,h
 2004,B,114,l
 2004,S,115,p
 2004,C,116,o
 2004,P,117,h
 2004,R,118,i
 2004,T,119,r
 2004,D,120,o
 2004,J,401,u
 2004,T,144,e
 2004,L,145,e
 2004,I,146,s
 2004,J,147,.
 2004,K,148,y
 2004,B,149,r
 2004,M,150,a
 2004,R,151,a
 2004,M,152,i
 2004,J, ,o
 2005,C,1,o
 2004,T,211,e
 2004,C, ,h
 2004,D,213,e
 2004,M,214,a
 2004,B,215,e
 2004,B, ,l
 2004,M,217,a
 2004,A,218,l
 2004,M, ,i
 2004,J,220,o
 2004,D,221,a
 2004,R, ,a
 2004,M,255,a
 2004,C, ,a
 2004,J,257,e
 2004,B, ,r
 2004,A,259,n
 2004,M,260,a
 2004,M,261,a
 2004,M, ,a
 2004,J,263,a
 2004,C,264,u
 2004,L,265,a
 2004,J,266,a
 2004,D, ,a
 2004,Z, ,a
 2004,J, ,e
 2004,C, ,a
 2004,T,339,y
 2004,M, ,a
 2004,C,162,h
 2004,J,163,o
 2004,C,164,h
 2004,C,165,h
 2004,R,166,e
 2004,B,167,r
 2004,R,168,o
 2004,J,169,a
 2004,P,170,a
 2004,R,171,o
 2005,S,41,a
 2004,R, ,o
 2004,C, ,h
 2004,C, ,l
 2004,A, ,n
 2004,S, ,e
 2004,D, ,o
 2004,C, ,h
 2004,D, ,e
 2004,H, ,a
 2004,J, ,a
 2004,K, ,e
 2004,C, ,h
 2004,K, ,e
 2005,J,81,e
 2005,A,121,l
 2005,B,122,e
 2005,M,123,a
 2004,J, ,a
 2004,M, ,i
 2004,A, ,u
 2004,T, ,o
 2004,D, ,y
 2004,D, ,a
 2004,A, ,u
 2004,A, ,n
 2004,S,154,t
 2004,J,155,a
 2004,M,156,a
 2004,D,157,o
 2004,M,158,a
 2004,A,159,d
 2004,A,160,u
 2005,C,2,o
 2005,B,3,r
 2005,M,4,a
 2005,J,5,o
 2005,B,6,r
 2005,J,7,o
 2004,C,222,h
 2004,E,223,r
 2004,B,224,l
 2004,K,225,a
 2004,C,226,h
 2004,R,227,y
 2004,J,228,o
 2004,D, ,e
 2004,J,230,e
 2004,D,231,e
 2004,T,232,o
 2004,A,233,n
 2004,M,234,a
 2005,N,161,i
 2004,J,267,e
 2004,D,268,a
 2004,M, ,a
 2004,A, ,a
 2004,R, ,i
 2004,M, ,a
 2004,W,273,i
 2004,B,341,r
 2004,D,342,a
 2004,T, ,i
 2004,J,344,o
 2004,J, ,i
 2004,C, ,h
 2004,J,172,a
 2004,S,173,a
 2004,C,174,a
 2004,M, ,a
 2004,T,176,e
 2004,J, ,e
 2004,R,178,o
 2004,S,179,t
 2004,G,180,r
 2004,T,181,y
 2004,J,182,o
 2004,M,183,a
 2005,B,42,r
 2005,B,43,r
 2005,M,44,a
 2005,C,45,h
 2005,B,46,r
 2005,J,47,o
 2005,J,48,a
 2005,K,49,e
 2005,K,50,y
 2005,M,51,a
 2005,T,52,y
 2005,B,53,l
 2004,C, ,h
 2004,J, ,a
 2004,S, ,o
 2004,W, ,i
 2004,C, ,h
 2004,J, ,a
 2004,M, ,i
 2004,D, ,e
 2004,W, ,a
 2004,A, ,u
 2005,D,82,u
 2005,J,83,e
 2005,B,84,r
 2005,J,85,o
 2005,M,86,i
 2005,K,87,o
 2005,A,88,n
 2005,D,124,a
 2005,P,125,a
 2005,C,126,o
 2005,J,127,u
 2005,D,128,e
 2005,E,129,r
 2005,M,130,i
 2005,R,131,o
 2005,R,132,y
 2005,J,133,e
 2005,T,134,y
 2004,S, ,a
 2004,E, ,u
 2004,C, ,h
 2004,J, ,a
 2004,J, ,a
 2005,L,8,u
 2005,P,9,a
 2005,K,10,e
 2005,D,11,r
 2005,D,12,r
 2005,J,13,u
 2005,D,14,a
 2004,B,235,r
 2004,B,236,e
 2004,C, ,h
 2004,G,238,a
 2004,D,239,e
 2004,C, ,a
 2005,R,321,o
 2005,M,361,a
 2005,S,162,e
 2005,J,163,o
 2005,T,164,e
 2005,C,165,h
 2005,T,166,y
 2005,D,167,e
 2005,S,168,t
 2005,W,169,i
 2005,E,401,r
 2005,K, ,a
 2004,T, ,h
 2004,R, ,o
 2004,R,276,y
 2004,E, ,m
 2004,P,278,a
 2004,R, ,y
 2004,S, ,c
 2005,B,201,r
 2005,T,241,o
 2004,D, ,u
 2004,C,348,u
 2004,K, ,e
 2004,S, ,e
 2004,J,351,e
 2004,J, ,u
 2004,J,353,a
 2004,C, ,l
 2005,C,281,h
 2004,J,184,o
 2004,B,185,o
 2004,M, ,a
 2004,A,187,n
 2004,M,188,i
 2004,C,189,h
 2004,M,190,i
 2005,M,54,i
 2005,M,55,a
 2005,B,56,r
 2005,B,57,l
 2005,B,58,r
 2005,T,59,r
 2005,R,60,u
 2005,S,61,t
 2004,T, ,o
 2004,B, ,e
 2004,J, ,u
 2004,A, ,n
 2005,L,89,e
 2005,D,90,a
 2005,M,91,a
 2005,P,92,e
 2005,P,93,a
 2005,D,94,r
 2005,M,95,i
 2005,R,96,i
 2005,S,97,h
 2005,Q,98,u
 2005,T,99,i
 2005,J,100,a
 2005,L,101,a
 2005,J,102,a
 2005,J,103,a
 2005,J,104,o
 2005,B,135,r
 2005,H,136,u
 2005,M,137,i
 2005,B,138,o
 2005,M,139,i
 2005,C,140,a
 2005,C,141,h
 2004,N, ,a
 2004,S, ,t
 2004,Q, ,u
 2004,D, ,w
 2004,N, ,i
 2004,A, ,n
 2004,F, ,l
 2004,G, ,a
 2004,S, ,c
 2004,J,424,o
 2005,J,15,o
 2005,D,16,r
 2005,J,17,a
 2005,V,18,i
 2005,J,19,e
 2005,S, ,t
 2005,J,21,o
 2005,B,22,r
 2005,A,23,l
 2005,B,24,r
 2005,B,25,r
 2005,M,322,a
 2005,M, ,a
 2005,R, ,y
 2005,A,325,r
 2005,S, ,a
 2005,M,327,i
 2005,J, ,e
 2005,C, ,o
 2005,P, ,a
 2005,T, ,o
 2005,T, ,e
 2005,V, ,a
 2005,Q, ,u
 2005,A, ,n
 2005,J, ,e
 2005,M, ,i
 2005,D, ,e
 2005,D, ,e
 2005,J, ,o
 2005,T,170,a
 2005,C,171,l
 2005,C,172,a
 2005,J,173,o
 2005,T,174,y
 2005,B,175,l
 2005,J, ,a
 2005,E, ,d
 2005,M, ,a
 2005,T, ,e
 2005,G, ,a
 2005,B, ,r
 2005,B,202,r
 2005,C,203,o
 2005,J,204,a
 2005,A,205,d
 2005,D,206,a
 2005,P,207,a
 2005,N,208,a
 2005,K, ,y
 2005,B,210,r
 2005,O,211,r
 2005,T,212,r
 2005,B,213,r
 2005,J,214,o
 2005,N, ,i
 2005,J, ,a
 2005,J,244,o
 2005,M,245,a
 2005,S, ,y
 2005,C,247,h
 2005,C,248,e
 2005,R,249,u
 2005,P, ,a
 2005,B, ,r
 2005,C,252,h
 2004,D,355,a
 2004,R, ,o
 2004,J, ,e
 2004,T, ,a
 2004,C, ,h
 2004,J, ,e
 2005,A, ,n
 2005,J,283,e
 2005,G,284,r
 2005,M,285,a
 2005,H, ,a
 2005,D, ,e
 2005,B, ,r
 2005,M,289,a
 2005,C,290,o
 2005,S, ,h
 2005,B,292,i
 2005,B, ,r
 2004,O, ,m
 2004,M,192,i
 2004,B,193,r
 2004,T,194,a
 2004,D,195,e
 2004,M,196,i
 2004,J,197,o
 2004,S,198,e
 2004,J,199,o
 2004,K,200,y
 2005,M,62,a
 2005,M,63,a
 2005,R,64,e
 2005,I,65,s
 2005,R,66,y
 2005,C,67,l
 2005,M,68,i
 2005,N,69,i
 2005,R,70,h
 2005,P,71,h
 2005,J,72,o
 2005,A,105,u
 2005,J,106,i
 2005,B,107,e
 2005,W,108,i
 2005,A,109,l
 2005,M,110,a
 2005,C,111,a
 2005,B,112,r
 2005,J,142,o
 2005,R,143,y
 2005,A,144,d
 2005,D,145,.
 2005,S, ,c
 2005,E,147,t
 2005,A,148,n
 2005,A,149,d
 2005,J,150,o
 2005,B,151,r
 2004,M, ,i
 2004,R,426,u
 2005,D,26,u
 2005,P,27,a
 2005,D,28,r
 2005,K,29,e
 2005,J,30,a
 2005,S,31,t
 2005,M,32,a
 2005,G, ,a
 2005,C,332,a
 2005,C, ,o
 2005,K,334,o
 2005,T, ,h
 2005,P,336,e
 2005,A, ,a
 2005,K, ,u
 2005,R, ,y
 2005,A, ,l
 2005,T, ,o
 2005,S, ,o
 2005,W, ,a
 2005,K, ,a
 2005,I, ,d
 2005,K, ,e
 2005,B, ,r
 2005,B, ,r
 2005,D, ,e
 2005,D,176,a
 2005,A, ,n
 2005,J,178,a
 2005,B,179,i
 2005,J,180,o
 2005,S,181,t
 2005,C,182,u
 2005,J,183,o
 2005,B,409,o
 2005,J,410,o
 2005,M,215,c
 2005,G,216,r
 2005,E,217,m
 2005,B,218,r
 2005,J, ,o
 2005,C,220,o
 2005,R,221,o
 2005,M,222,i
 2005,A,253,u
 2005,D, ,o
 2005,C, ,o
 2005,J, ,u
 2005,J,257,.
 2005,D,258,a
 2005,K, ,e
 2005,J, ,o
 2005,M,294,a
 2005,M, ,a
 2005,T, ,r
 2005,Z, ,a
 2005,J, ,o
 2005,C,299,u
 2005,E, ,a
 2005,T,301,e
 2005,T,73,i
 2005,S,74,h
 2005,R,75,e
 2005,T,76,r
 2005,L,77,e
 2005,R,78,o
 2005,Z,79,a
 2005,A,80,d
 2005,S, ,h
 2005,Z,114,a
 2005,D,115,a
 2005,C,116,u
 2005,O,117,m
 2005,M,118,a
 2005,R,119,o
 2005,X,152,a
 2005,M,153,a
 2005,M,154,a
 2005,S,155,t
 2005,G,156,r
 2005,W,157,i
 2005,J,158,o
 2005,J,159,u
 2005,C,160,h
 2005,J,33,o
 2005,Z,34,a
 2005,C,35,h
 2005,C,36,o
 2005,O,37,m
 2005,D,38,.
 2005,J,39,a
 2005,D, ,a
 2005,M, ,a
 2005,R, ,e
 2005,K, ,a
 2005,M, ,i
 2005,H, ,a
 2005,P, ,.
 2005,D, ,e
 2005,C, ,o
 2005,C, ,a
 2005,C, ,h
 2005,C, ,h
 2005,M, ,i
 2005,C, ,l
 2005,E, ,r
 2005,T, ,o
 2005,J, ,a
 2005,D,184,o
 2005,T,185,o
 2005,K,186,i
 2005,C,187,h
 2005,T,188,o
 2005,B,189,r
 2005,D,190,o
 2005,C,191,h
 2005,J, ,o
 2005,J,223,o
 2005,T,224,r
 2005,C,225,h
 2005,C,226,o
 2005,D,227,a
 2005,T,228,o
 2005,W, ,a
 2005,K,230,e
 2005,A,261,n
 2005,B, ,r
 2005,C,263,h
 2005,D, ,a
 2005,P, ,a
 2005,A,266,d
 2005,D, ,o
 2005,B,268,r
 2005,K, ,e
 2005,M,270,i
 2005,D, ,a
 2005,C,272,o
 2005,L, ,u
 2005,D,303,a
 2005,A, ,n
 2005,S, ,e
 2005,C, ,h
 2005,C,307,h
 2005,J, ,o
 2005,G, ,a
 2005,M, ,a
 2005,K, ,e
 2005,D,312,w
 2005,B, ,e
 2005,J,120,e
 2005,C,40,h
 2005,G, ,a
 2005,L, ,a
 2005,S, ,t
 2005,J, ,e
 2005,C, ,h
 2005,C, ,l
 2005,A, ,.
 2005,K, ,e
 2005,B, ,r
 2005,R, ,o
 2005,F, ,a
 2005,Q, ,u
 2005,T, ,y
 2005,A, ,n
 2005,J,194,o
 2005,T,195,a
 2005,C,196,a
 2005,T,197,a
 2005,M,198,a
 2005,N,199,a
 2005,A,231,l
 2005,J,232,e
 2005,L,233,a
 2005,D, ,a
 2005,B, ,a
 2005,J, ,o
 2005,C,276,h
 2005,E, ,u
 2005,M,278,a
 2005,R, ,y
 2005,A, ,m
 2005,K,315,e
 2005,B,316,l
 2005,T, ,h
 2005,C, ,y
 2005,C, ,h
 2005,C,320,u
 2005,L, ,e
 2005,T, ,i
 2005,B, ,r
 2005,J, ,o
 2005,A, ,d
 2005,A, ,n
 2005,C, ,h
 2005,C, ,o
 2005,E, ,r
 2005,J, ,a
 2005,T,200,o
 2005,D,234,e
 2005,B,235,u
 2005,C, ,.
 2005,K,237,i
 2005,R,238,u
 2005,T,239,r
 2005,T,240,y
 2005,C, ,l
 2004,M,281,a
 2004,K, ,y
 2004,C,283,a
 2004,D, ,a
 2004,J, ,u
 2004,B,286,r
 2004,J,287,a
 2004,C,288,h
 2004,C, ,h
 2004,A,290,n
 2004,K, ,e
 2004,J, ,o
 2004,C, ,h
 2004,K,294,e
 2004,J, ,a
 2004,F, ,r
 2004,M,297,a
 2004,Z, ,a
 2004,M,299,a
 2004,P, ,a
 2004,T,301,e
 2004,R, ,o
 2004,D, ,u
 2004,T,304,r
 2004,C, ,o
 2004,O, ,r
 2004,C,307,o
 2004,A,308,n
 2004,V, ,a
 2004,T, ,a
 2004,G,311,e
 2004,J, ,o
 2004,L,313,a
 2004,P, ,.
 2004,M,315,i
 2004,B, ,e
 2004,R, ,y
 2004,M, ,a
 2004,J, ,a
 2004,I, ,v
year,name,rank,pos
 2004,S,1,o
 2004,T,2,i
 2004,O,3,m
 2004,D,4,e
 2004,B,5,r
 2004,J,6,o
 2004,D,7,a
 2004,M,8,a
 2004,J,9,a
 2004,C,10,h
 2004,R,11,y
 2004,A,12,n
 2004,K,13,y
 2004,D,14,a
 2004,T,15,y
 2004,A,16,l
 2004,J,17,a
 2004,D,18,a
 2004,B,19,r
 2004,J,20,o
 2004,M,21,a
 2004,R,22,e
 2004,D,23,r
 2004,K,24,e
 2004,C,25,l
 2004,C,26,h
 2004,J,27,a
 2004,B,28,r
 2004,G,29,i
 2004,J, ,e
 2004,C,31,h
 2004,S,32,t
 2004,P,33,a
 2004,B,34,r
 2004,A,35,a
 2004,D,36,r
 2004,J,37,o
 2004,K,38,e
 2004,D,39,a
 2004,C,40,o
 2004,W,81,y
 2004,D,82,o
 2004,J,83,u
 2004,D,84,r
 2004,J,85,o
 2004,R,86,y
 2004,P,87,a
 2004,E,88,t
 2004,C,89,a
 2004,E,90,r
 2004,D,91,y
 2004,A,92,d
 2004,T,93,o
 2004,D,94,a
 2004,J,95,o
 2004,M,96,a
 2004,S,97,h
 2004,S,98,h
 2004,A,99,l
 2004,J,100,o
 2004,K,101,o
 2004,J,41,o
 2004,S,42,t
 2004,M,102,a
 2004,O,103,m
 2004,J,104,u
 2004,C,105,a
 2004,A,106,a
 2004,J,107,o
 2004,C,108,o
 2004,S,109,y
 2004,J,110,o
 2004,T,111,y
 2004,J,112,a
 2004,S,113,h
 2004,B,161,r
 2004,C,162,h
 2004,B,201,r
 2004,J,43,e
 2004,S,44,t
 2004,K,45,e
 2004,B,46,r
 2004,B,47,u
 2004,J,48,a
 2004,D,49,a
 2004,M,50,i
 2004,J,51,o
 2004,W,52,a
 2004,J,53,a
 2004,C,121,h
 2004,B,114,l
 2004,S,115,p
 2004,C,116,o
 2004,P,117,h
 2004,R,118,i
 2004,T,119,r
 2004,D,120,o
 2004,J,321,o
 2004,J,163,o
 2004,C,164,h
 2004,C,165,h
 2004,R,166,e
 2004,B,167,r
 2004,R,168,o
 2004,J,169,a
 2004,P,170,a
 2004,R,171,o
 2004,J,172,a
 2004,J,202,a
 2004,R,203,e
 2004,D,204,e
 2004,M, ,a
 2004,D,206,a
 2004,G,207,r
 2004,K, ,y
 2004,D,209,a
 2004,C,210,u
 2004,T,211,e
 2004,B,54,r
 2004,R,55,e
 2004,N,56,i
 2004,J,57,a
 2004,P,58,a
 2004,B,59,r
 2004,C,60,h
 2004,J,61,o
 2004,M,62,a
 2004,J,63,o
 2004,M,64,a
 2004,B,65,r
 2004,K,122,r
 2004,B,123,r
 2004,K,124,u
 2004,A,125,a
 2004,B,126,r
 2004,R,127,i
 2004,B,128,r
 2004,D,129,a
 2004,P,130,.
 2004,J,131,e
 2004,A,132,u
 2004,D,133,.
 2004,B,134,e
 2004,S,135,h
 2004,B,136,r
 2004,C,322,a
 2004,B, ,r
 2004,A, ,d
 2004,C, ,h
 2004,B, ,r
 2004,J,327,a
 2004,D, ,a
 2004,M, ,i
 2004,S,173,a
 2004,C,174,a
 2004,M, ,a
 2004,T,176,e
 2004,J, ,e
 2004,R,178,o
 2004,S,179,t
 2004,G,180,r
 2004,T,181,y
 2004,J,182,o
 2004,M,183,a
 2004,J,184,o
 2004,B,185,o
 2004,M, ,a
 2004,A,187,n
 2004,M,188,i
 2004,C, ,h
 2004,D,213,e
 2004,M,214,a
 2004,B,215,e
 2004,B, ,l
 2004,M,217,a
 2004,A,218,l
 2004,M, ,i
 2004,J,220,o
 2004,D,221,a
 2004,C,222,h
 2004,E,223,r
 2004,B,224,l
 2004,K,225,a
 2004,C,226,h
 2004,R,227,y
 2004,J,228,o
 2005,S,41,a
 2004,T,66,r
 2004,R,67,y
 2004,R,68,a
 2004,L,69,e
 2004,P,70,e
 2004,V,71,i
 2004,D,72,u
 2005,J,81,e
 2005,D,82,u
 2005,J,83,e
 2005,B,84,r
 2005,J,85,o
 2005,M,86,i
 2005,K,87,o
 2005,A,88,n
 2005,L,89,e
 2004,A,137,l
 2004,A,138,n
 2004,G,139,r
 2004,T,140,r
 2004,B,141,r
 2004,D,142,.
 2004,A,143,d
 2004,T,144,e
 2004,L,145,e
 2004,I,146,s
 2004,J,147,.
 2004,K,148,y
 2004,B,149,r
 2004,M,150,a
 2004,T, ,o
 2004,P, ,e
 2004,D, ,a
 2004,J, ,e
 2004,D,334,a
 2004,M, ,a
 2004,Z, ,a
 2004,J, ,e
 2004,C,189,h
 2004,M,190,i
 2004,O, ,m
 2004,M,192,i
 2004,B,193,r
 2004,T,194,a
 2004,D,195,e
 2004,D, ,e
 2004,J,230,e
 2004,D,231,e
 2004,T,232,o
 2004,A,233,n
 2004,M,234,a
 2004,B,235,r
 2005,B,42,r
 2005,B,43,r
 2005,M,44,a
 2005,C,45,h
 2005,B,46,r
 2005,J,47,o
 2004,J,73,a
 2004,S,74,c
 2004,M, ,a
 2004,Z,76,a
 2004,T,77,r
 2004,B,78,r
 2004,Z,79,a
 2004,S,80,t
 2004,K,401,e
 2004,M, ,a
 2004,P, ,e
 2004,A, ,u
 2004,J, ,a
 2004,N, ,a
 2004,J, ,e
 2004,S, ,t
 2004,D, ,y
 2004,Q, ,u
 2004,A, ,n
 2004,C, ,h
 2004,C,241,o
 2004,J, ,a
 2004,N,243,a
 2004,C, ,J
 2004,R,245,e
 2004,C, ,l
 2004,K, ,e
 2004,C, ,h
 2005,D,90,a
 2005,M,91,a
 2005,P,92,e
 2005,P,93,a
 2005,D,94,r
 2005,M,95,i
 2005,R,96,i
 2005,S,97,h
 2005,Q,98,u
 2005,T,99,i
 2005,J,100,a
 2005,L,101,a
 2005,J,102,a
 2005,J,103,a
 2005,J,104,o
 2005,A,105,u
 2005,J,106,i
 2005,B,107,e
 2005,W,108,i
 2005,A,109,l
 2005,M,110,a
 2005,C,111,a
 2005,B,112,r
 2005,S, ,h
 2005,Z,114,a
 2005,D,115,a
 2004,R,151,a
 2004,M,152,i
 2004,J, ,o
 2004,S,154,t
 2004,J,155,a
 2004,M,156,a
 2004,D,157,o
 2004,M,158,a
 2004,A,159,d
 2004,A,160,u
 2005,C,1,o
 2005,C,2,o
 2005,B,3,r
 2005,M,4,a
 2005,J,5,o
 2005,B,6,r
 2005,J,7,o
 2005,L,8,u
 2005,P,9,a
 2005,K,10,e
 2005,D,11,r
 2005,D,12,r
 2005,J,13,u
 2005,D,14,a
 2005,J,15,o
 2005,D,16,r
 2005,J,17,a
 2004,C,361,r
 2004,K, ,u
 2004,J, ,u
 2004,K, ,o
 2004,C, ,a
 2004,P, ,a
 2004,R, ,e
 2004,T, ,o
 2004,C, ,a
 2004,T,339,y
 2004,M, ,a
 2004,B,341,r
 2004,D,342,a
 2004,T, ,i
 2004,J,344,o
 2004,J, ,i
 2004,C, ,h
 2004,D, ,u
 2004,C,348,u
 2004,S, ,e
 2004,K, ,e
 2004,J,351,e
 2004,J, ,u
 2004,J,353,a
 2004,C, ,l
 2004,J,355,e
 2004,R, ,o
 2004,M,196,i
 2004,J,197,o
 2004,S,198,e
 2004,J,199,o
 2004,K,200,y
 2004,B,236,e
 2004,C, ,h
 2004,G,238,a
 2004,D,239,e
 2004,C, ,a
 2005,J,48,a
 2005,K,49,e
 2005,K,50,y
 2005,M,51,a
 2005,T,52,y
 2005,B,53,l
 2005,M,54,i
 2005,M,55,a
 2005,B,56,r
 2005,B,57,l
 2005,B,58,r
 2005,T,59,r
 2005,R,60,u
 2005,S,61,t
 2005,M,62,a
 2005,M,63,a
 2005,R,64,e
 2005,A,121,l
 2005,N,161,i
 2004,D, ,w
 2004,M, ,i
 2004,J, ,a
 2004,D, ,a
 2004,N, ,i
 2004,A, ,n
 2004,S, ,a
 2004,D,249,e
 2004,I, ,k
 2004,T,251,r
 2004,F, ,a
 2004,M,253,i
 2004,R, ,a
 2004,M,255,a
 2004,C, ,a
 2004,J,257,e
 2005,C,116,u
 2005,O,117,m
 2005,M,118,a
 2005,R,119,o
 2005,J,120,e
 2005,V,18,i
 2005,J,19,e
 2005,S, ,t
 2005,J,21,o
 2005,B,22,r
 2005,A,23,l
 2005,B,24,r
 2005,B,25,r
 2005,D,26,u
 2004,J, ,.
 2004,J, ,a
 2004,S, ,p
 2004,C, ,e
 2004,T, ,.
 2004,C, ,h
 2004,S, ,e
 2004,R, ,o
 2004,C, ,l
 2004,C, ,h
 2004,D, ,e
 2004,H, ,a
 2004,D, ,o
 2005,C,281,h
 2005,A, ,n
 2004,J, ,.
 2004,K, ,o
 2004,C, ,h
 2004,A, ,n
 2005,B,201,r
 2005,I,65,s
 2005,R,66,y
 2005,C,67,l
 2005,M,68,i
 2005,N,69,i
 2005,R,70,h
 2005,P,71,h
 2005,J,72,o
 2005,T,73,i
 2005,S,74,h
 2005,R,75,e
 2005,T,76,r
 2005,L,77,e
 2005,R,78,o
 2005,Z,79,a
 2005,A,80,d
 2005,B,122,e
 2005,M,123,a
 2005,D,124,a
 2005,P,125,a
 2005,C,126,o
 2005,J,127,u
 2005,D,128,e
 2005,S,162,e
 2005,J,163,o
 2005,T,164,e
 2005,C,165,h
 2005,T,166,y
 2005,D,167,e
 2005,S,168,t
 2005,W,169,i
 2005,T,170,a
 2005,C,171,l
 2004,E, ,u
 2004,F, ,l
 2004,G, ,a
 2004,S, ,c
 2004,J,424,o
 2004,M, ,i
 2004,R,426,u
 2004,B, ,r
 2004,A,259,n
 2004,M,260,a
 2004,M,261,a
 2004,M, ,a
 2004,J,263,a
 2004,C,264,u
 2004,L,265,a
 2004,J,266,a
 2005,P,27,a
 2005,D,28,r
 2005,K,29,e
 2005,J,30,a
 2005,S,31,t
 2005,M,32,a
 2005,J,33,o
 2005,Z,34,a
 2005,C,35,h
 2005,C,36,o
 2005,O,37,m
 2005,D,38,.
 2005,J,39,a
 2005,C,40,h
 2004,J, ,a
 2004,C, ,h
 2004,A, ,n
 2004,K, ,e
 2004,W, ,i
 2004,C, ,h
 2004,J, ,a
 2004,D, ,e
 2004,K, ,e
 2004,S, ,o
 2004,C, ,h
 2004,A, ,n
 2004,M, ,i
 2005,J,283,e
 2005,G,284,r
 2005,M,285,a
 2005,H, ,a
 2005,D, ,e
 2005,B, ,r
 2005,M,289,a
 2005,C,290,o
 2005,S, ,h
 2005,B,292,i
 2005,B, ,r
 2005,M,294,a
 2005,Z, ,a
 2005,E,401,d
 2005,A, ,.
 2005,B,202,r
 2005,C,203,o
 2005,J,204,a
 2005,A,205,d
 2005,D,206,a
 2005,P,207,a
 2005,N,208,a
 2005,K, ,y
 2005,T,241,o
 2005,R,321,o
 2005,M,361,a
 2005,E,129,r
 2005,M,130,i
 2005,R,131,o
 2005,R,132,y
 2005,J,133,e
 2005,T,134,y
 2005,B,135,r
 2005,H,136,u
 2005,M,137,i
 2005,B,138,o
 2005,M,139,i
 2005,C,140,a
 2005,C,172,a
 2005,J,173,o
 2005,T,174,y
 2005,B,175,l
 2005,D,176,a
 2005,A, ,n
 2005,J,178,a
 2005,B,179,i
 2005,J,180,o
 2005,S,181,t
 2005,C,182,u
 2004,J,267,e
 2004,D,268,a
 2004,M, ,a
 2004,A, ,a
 2004,R, ,i
 2004,M, ,a
 2004,J, ,u
 2004,W, ,a
 2004,D, ,y
 2004,K, ,e
 2004,J, ,a
 2004,M, ,a
 2005,M, ,a
 2005,T, ,r
 2005,J, ,o
 2005,C,299,u
 2005,E, ,a
 2005,T,301,e
 2005,L, ,u
 2005,D,303,a
 2005,A, ,n
 2005,S, ,e
 2005,C, ,h
 2005,C,307,h
 2005,J, ,o
 2005,G, ,a
 2005,K, ,e
 2005,M, ,a
 2005,B, ,r
 2005,M, ,a
 2005,T, ,e
 2005,G, ,a
 2005,R, ,o
 2005,B, ,r
 2005,B,409,o
 2005,J,410,o
 2004,M,281,a
 2005,B,210,r
 2005,O,211,r
 2005,T,212,r
 2005,B,213,r
 2005,J,214,o
 2005,M,215,c
 2005,G,216,r
 2005,E,217,m
 2005,B,218,r
 2005,J, ,o
 2005,C,220,o
 2005,R,221,o
 2005,N, ,i
 2005,J, ,a
 2005,J,244,o
 2005,M,245,a
 2005,S, ,y
 2005,C,247,h
 2005,C,248,e
 2005,R,249,u
 2005,P, ,a
 2005,M,322,a
 2005,M, ,a
 2005,R, ,y
 2005,A,325,r
 2005,S, ,a
 2005,M,327,i
 2005,J, ,e
 2005,C, ,o
 2005,Q, ,u
 2005,M, ,i
 2005,L, ,e
 2005,A, ,l
 2005,J, ,o
 2005,A, ,d
 2005,W, ,a
 2005,C, ,o
 2005,C, ,h
 2005,S, ,o
 2005,K, ,e
 2005,C,141,h
 2005,J,142,o
 2005,R,143,y
 2005,A,144,d
 2005,D,145,.
 2005,S, ,c
 2005,E,147,t
 2005,A,148,n
 2005,J,183,o
 2005,D,184,o
 2005,T,185,o
 2005,K,186,i
 2005,C,187,h
 2005,T,188,o
 2005,B,189,r
 2005,D,190,o
 2005,C,191,h
 2005,J, ,o
 2005,A, ,n
 2005,J,194,o
 2005,T,195,a
 2005,C,196,a
 2005,T,197,a
 2004,W,273,i
 2004,T, ,h
 2004,R, ,o
 2004,R,276,y
 2004,E, ,m
 2004,P,278,a
 2004,R, ,y
 2004,S, ,c
 2005,D,312,w
 2005,B, ,e
 2005,A, ,m
 2005,K,315,e
 2005,B,316,l
 2005,T, ,h
 2004,K, ,y
 2004,C,283,a
 2004,D, ,a
 2004,J, ,u
 2004,B,286,r
 2004,J,287,a
 2004,C,288,h
 2004,C, ,h
 2004,A,290,n
 2004,K, ,e
 2004,J, ,o
 2004,C, ,h
 2004,K,294,e
 2004,J, ,a
 2005,M,222,i
 2005,J,223,o
 2005,T,224,r
 2005,C,225,h
 2005,C,226,o
 2005,D,227,a
 2005,T,228,o
 2005,W, ,a
 2005,K,230,e
 2005,A,231,l
 2005,J,232,e
 2005,B, ,r
 2005,C,252,h
 2005,A,253,u
 2005,D, ,o
 2005,C, ,o
 2005,J, ,u
 2005,J,257,.
 2005,D,258,a
 2005,K, ,e
 2005,J, ,o
 2005,P, ,a
 2005,G, ,a
 2005,C,332,a
 2005,C, ,o
 2005,K,334,o
 2005,T, ,h
 2005,P,336,e
 2005,R, ,e
 2005,A, ,a
 2005,M, ,a
 2005,D, ,a
 2005,K, ,u
 2005,M, ,i
 2005,H, ,a
 2005,P, ,.
 2005,D, ,e
 2005,S, ,t
 2005,B, ,r
 2005,B, ,r
 2005,K, ,a
 2005,A, ,n
 2005,I, ,d
 2005,D, ,e
 2005,D, ,e
 2005,C, ,a
 2005,C, ,h
 2005,D, ,e
 2005,C, ,l
 2005,M, ,i
 2005,R, ,y
 2005,T, ,o
 2005,J, ,a
 2005,E, ,r
 2005,K, ,e
 2005,A,149,d
 2005,J,150,o
 2005,B,151,r
 2005,X,152,a
 2005,M,153,a
 2005,M,154,a
 2005,S,155,t
 2005,G,156,r
 2005,W,157,i
 2005,J,158,o
 2005,J,159,u
 2005,C,160,h
 2005,M,198,a
 2005,N,199,a
 2005,T,200,o
 2005,C, ,y
 2005,C, ,h
 2005,C,320,u
 2004,F, ,r
 2004,M,297,a
 2004,Z, ,a
 2004,M,299,a
 2004,P, ,a
 2004,T,301,e
 2004,R, ,o
 2004,D, ,u
 2004,T,304,r
 2004,O, ,r
 2004,C, ,o
 2004,C,307,o
 2004,A,308,n
 2004,V, ,a
 2004,T, ,a
 2004,G,311,e
 2004,J, ,o
 2005,L,233,a
 2005,D,234,e
 2005,B,235,u
 2005,C, ,.
 2005,K,237,i
 2005,R,238,u
 2005,T,239,r
 2005,T,240,y
 2005,A,261,n
 2005,B, ,r
 2005,C,263,h
 2005,D, ,a
 2005,P, ,a
 2005,A,266,d
 2005,D, ,o
 2005,B,268,r
 2005,J, ,e
 2005,K, ,a
 2005,C, ,l
 2005,G, ,a
 2005,L, ,a
 2005,C, ,h
 2005,T, ,i
 2005,B, ,r
 2005,J, ,o
 2005,A, ,n
 2005,Q, ,u
 2005,F, ,a
 2005,E, ,r
 2005,C, ,o
 2005,C, ,h
 2005,J, ,a
 2005,T, ,y
 2005,E, ,r
 2005,T, ,o
 2005,K, ,a
 2005,A, ,.
 2004,L,313,a
 2004,P, ,.
 2004,M,315,i
 2004,R, ,y
 2004,B, ,e
 2004,M, ,a
 2005,K, ,e
 2005,M,270,i
 2005,D, ,a
 2005,C,272,o
 2005,D, ,a
 2005,B, ,a
 2005,J, ,o
 2005,C,276,h
 2005,E, ,u
 2005,M,278,a
 2005,R, ,y
 2005,C, ,l
 2005,M, ,a
 2005,Q, ,u
 2005,M, ,i
 2005,T, ,o
 2004,J, ,a
 2004,I, ,v
year,name,rank,pos
 2004,Wyatt Sexton,81,", QB"
 2004,Donovan Woods,82,", LB"
 2004,Justin Holland,83,", QB"
 2004,Drew Stanton,84,", QB"
 2004,Joel Statham,85,", QB"
 2004,Ryan Hawk,86,", QB"
 2004,Pat Julmiste,87,", QB"
 2004,Ethan Flatt,88,", QB"
 2004,Casey Paus,89,", QB"
 2004,Erik Ainge,90,", QB"
 2004,Dylan Meier,91,", QB"
 2004,Adam Barmann,92,", QB"
 2004,Tony Eckert,93,", QB"
 2004,Dale Rogers,94,", QB"
 2004,Josh Haldi,95,", QB"
 2004,Matt Dlugolecki,96,", QB"
 2004,Shane Boyd,97,", QB"
 2004,Shaun Carney,98,", QB"
 2004,Alex Brink,99,", QB"
 2004,Josh Swogger,100,", QB"
 2004,Kole McKamey,101,", QB"
 2004,Marcus Randall,102,", QB"
 2004,Omarr Conner,103,", WR"
 2004,Justin Zwick,104,", QB"
 2004,Caleb Jeffrey Hanie,105,", QB"
 2004,Aaron Polanco,106,", QB"
 2004,Joey Lynch,107,", QB"
 2004,Cole Stinson,108,", QB"
 2004,Syvelle Newton,109,", WR"
 2004,Jon Beutjer,110,", QB"
 2004,Brent Schaeffer,161,", QB"
 2004,Chris Pazan,162,", QB"
 2004,John Nielsen,163,", QB"
 2004,Chris Moore,164,", QB"
 2004,Chris Phillips,165,", TE"
 2004,Tye Gunn,111,", QB"
 2004,JaMarcus Russell,112,", QB"
 2004,Shane Steichen,113,", QB"
 2004,Blayne Baggett,114,", QB"
 2004,Spencer Pennington,115,", QB"
 2004,Chris Rix,121,", QB"
 2004,Reggie Nevels,166,", WR"
 2004,Brian Nooy,167,", QB"
 2004,Robert Lane,168,", TE"
 2004,Jason Swanson,169,", QB"
 2004,Paul Dombrowski,170,", QB"
 2004,Ronnie Banks,171,", QB"
 2004,Jason Beck,172,", QB"
 2004,Sam Hollenbach,173,", QB"
 2004,Carl Bonnell,174,", QB"
 2004,Brian Johnson,201,", QB"
 2004,Cody Hodges,241,", QB"
 2004,Cory Randolph,116,", QB"
 2004,Phil Horvath,117,", QB"
 2004,Rick Clausen,118,", QB"
 2004,Troy Smith,119,", QB"
 2004,Dondrial Pinkins,120,", QB"
 2004,Kris Heavner,122,", QB"
 2004,Brian Brohm,123,", QB"
 2004,Kurt Nantkes,124,", QB"
 2004,Aaron Leak,125,", QB"
 2004,Brandon Kirsch,126,", QB"
 2004,Richard Irvin,127,", QB"
 2004,Brad Bower,128,", QB"
 2004,Damon Dowdell,129,", QB"
 2004,P.J. Piskorik,130,", QB"
 2004,Jerad Romo,131,", QB"
 2004,Austen Everson,132,", QB"
 2004,D.T. McDowell,133,", QB"
 2004,Ben Mauk,134,", QB"
 2004,Sonny Cumbie,1,", QB"
 2004,Mark Bradley,281,", WR"
 2004,Matt Berry, ,", QB"
 2004,Terrence Shawell,176,", QB"
 2004,Jeremy Young, ,", QB"
 2004,Robert Johnson,178,", WR"
 2004,Steven Bright,179,", FB"
 2004,Grant Arnoldink,180,", QB"
 2004,Ty Branyon,181,", QB"
 2004,Jacob Young,202,", P"
 2004,Reggie Robertson,203,", QB"
 2004,Desmond Robinson,204,", QB"
 2004,Marcus Stone, ,", TE"
 2004,Damion Carter,206,", WR"
 2004,Graham Gochneaur,207,", QB"
 2004,Kyle Kummer, ,", QB"
 2004,Datwan Hemingway,209,", QB"
 2004,Curt Dukes,210,", QB"
 2004,Jason Samples, ,", WR"
 2004,Nate Morton,243,", WR"
 2004,CJ Fayton, ,", ?"
 2004,Reggie Bush,245,", RB"
 2004,Clayton Richard, ,", QB"
 2004,Kenneth Buckley, ,", WR"
 2004,Chris Ganter, ,", QB"
 2004,Deon Adams,249,", WR"
 2004,Ikey Chuku, ,", WR"
 2004,Shawn Bell,135,", QB"
 2004,Brodie Croyle,136,", QB"
 2004,Allen Webb,137,", QB"
 2004,Andre' Woodson,138,", QB"
 2004,Greg Henderson,139,", QB"
 2004,Travis Moore,140,", QB"
 2004,Brian Luke,141,", QB"
 2004,D.J. Shockley,142,", QB"
 2004,Adam Tafralis,143,", QB"
 2004,Terrance Parks,144,", ?"
 2004,Leon Jackson III,145,", QB"
 2004,Timmy Chang,2,", QB"
 2004,Omar Jacobs,3,", QB"
 2004,Kyle Wright, ,", QB"
 2004,Carnell Williams,283,", RB"
 2004,Damarius Bilbo, ,", WR"
 2004,Justin Roush, ,", RB"
 2004,Brandon Jones,286,", RB"
 2004,Jakari Wallace,287,", WR"
 2004,Joe Fields,182,", S"
 2004,Marc Guillon,183,", QB"
 2004,Josh Harris,184,", QB"
 2004,Bobby Robison,185,", QB"
 2004,Matt Silva, ,", QB"
 2004,Antwan Smith,187,", QB"
 2004,Michael Sanford,188,", QB"
 2004,Chris Dapolito,189,", QB"
 2004,Michael Robinson,190,", QB"
 2004,Omar Duarte, ,", QB"
 2004,Mike McGann,192,", QB"
 2004,Brandon Sumner,193,", QB"
 2004,Terrell Williams,211,", RB"
 2004,Charles Hales, ,", QB"
 2004,Derrick Crudup,213,", QB"
 2004,Matt Flynn,214,", QB"
 2004,Beau Pierce,215,", QB"
 2004,Blake Powers, ,", TE"
 2004,Matt Cassel,217,", QB"
 2004,Al Pena,218,", QB"
 2004,Mike Kokal, ,", QB"
 2004,Jovon Bouknight,220,", WR"
 2005,Colt Brennan,1,", QB"
 2004,Tres Moses,251,", WR"
 2004,Fano Tagovailoa, ,", QB"
 2004,Michael Bush,253,", RB"
 2004,Ramonce Taylor, ,", RB"
 2004,Maurice Jones-Drew,255,", RB"
 2004,Casey Gillin, ,", QB"
 2004,Jeff Carpenter,257,", RB"
 2004,Joel Klatt,41,", QB"
 2004,Stan Hill,42,", QB"
 2004,Jerry Babb,43,", QB"
 2004,Steven Jyles,44,", QB"
 2004,Kent Smith,45,", QB"
 2004,Isaiah Stanback,146,", WR"
 2004,J.J. Raterink,147,", QB"
 2004,Kyle York,148,", QB"
 2004,Brandon Cox,149,", QB"
 2004,Matt Ryan,150,", QB"
 2004,Randall Secky,151,", QB"
 2004,Micheal Spurlock,152,", QB"
 2004,Joel Armstrong, ,", WR"
 2004,Stephen Reaves,154,", QB"
 2004,James Cox,155,", QB"
 2004,Matt Baker,156,", QB"
 2004,Christan Populis,288,", WR"
 2004,Charles Gordon, ,", DB"
 2004,Anthony Thornton,290,", P"
 2004,Kevin Roach, ,", WR"
 2004,Jordan Christensen, ,", QB"
 2004,Charles Wynn, ,", RB"
 2004,Kevin McCabe,294,", QB"
 2004,Jason Carter, ,", WR"
 2004,Frank Divis, ,", RB"
 2004,Matt Bonislawski,297,", QB"
 2004,Zac Champion, ,", QB"
 2004,Mark Logan,299,", WR"
 2004,Paris Warren, ,", WR"
 2004,Tali Ena,194,", QB"
 2004,Devin Hollins,195,", QB"
 2004,Michael Rathe,196,", QB"
 2004,Joey Vincent,197,", S"
 2004,Sean Glennon,198,", QB"
 2004,Jordan Steffy,199,", QB"
 2004,Kyle Israel,200,", QB"
 2004,David Koral,221,", QB"
 2004,Christian Olsen,222,", QB"
 2004,Eric McCollom,223,", QB"
 2004,Blake Mitchell,224,", QB"
 2004,Kainoa Akina,225,", QB"
 2004,Chance Mock,226,", QB"
 2004,Ryan Gunderson,227,", QB"
 2004,Joey Byerly,228,", QB"
 2004,Dennis Dixon, ,", QB"
 2004,Jeff Crooks,230,", QB"
 2004,Derrick Bush,231,", RB"
 2004,Tommy Grady,232,", QB"
 2004,Andy Heiser,233,", QB"
 2004,Marcus Perez,234,", WR"
 2004,Brandon Coleman,235,", QB"
 2004,Bernard Jackson,236,", QB"
 2004,Chris Jordan, ,", WR"
 2004,Cris Love Jr.,361,", QB"
 2004,Kurt Milne, ,", P"
 2004,Justin Hoskins, ,", RB"
 2004,Kory Sperry, ,", TE"
 2005,Cody Hodges,2,", QB"
 2005,Brady Quinn,3,", QB"
 2005,Matt Leinart,4,", QB"
 2005,John Beck,5,", QB"
 2005,Brett Basanez,6,", QB"
 2005,Jordan Palmer,7,", QB"
 2005,Luke Getsy,8,", QB"
 2005,Paul Pinegar,9,", QB"
 2005,Kevin Kolb,10,", QB"
 2005,Drew Weatherford,11,", QB"
 2005,Drew Olson,12,", QB"
 2004,Ken DeBauche,401,", P"
 2004,Matt Lane, ,", QB"
 2004,Bryan Randall,46,", QB"
 2004,Buck Pierce,47,", QB"
 2004,James Kilian,48,", QB"
 2004,Darian Durant,49,", QB"
 2004,Michael Harrington,50,", QB"
 2004,Joshua Cribbs,51,", QB"
 2004,Walter Washington,52,", QB"
 2004,James Pinkney,53,", QB"
 2004,Brad Smith,54,", QB"
 2004,Reggie Ball,55,", WR"
 2004,Nick Noce,56,", QB"
 2004,Jay Davis,57,", QB"
 2004,Paul Pinegar,58,", QB"
 2004,Bryan Cupito,59,", QB"
 2004,Charlie Whitehurst,60,", QB"
 2004,Joe Dailey,61,", WR"
 2004,Marques Hagans,62,", QB"
 2004,John Stocco,63,", QB"
 2004,Matt LoVecchio,64,", QB"
 2004,Bret Meyer,65,", QB"
 2004,Travis Cox,66,", QB"
 2005,Sam Hollenbach,41,", QB"
 2004,Donald Allen,157,", QB"
 2004,Marques Council,158,", QB"
 2004,Adam Fitch,159,", RB"
 2004,Austin Flynn,160,", WR"
 2005,Jeff Ballard,81,", QB"
 2004,Terrance Highsmith,301,", WR"
 2004,Ross Pilkington, ,", WR"
 2004,Dustin Colquitt, ,", P"
 2004,Trey McDonald,304,", P"
 2004,Collin Carey, ,", QB"
 2004,Orlando Cruz, ,", QB"
 2004,Colt Charles,307,", QB"
 2004,Andre Hall,308,", RB"
 2004,Van Johnson, ,", DB"
 2004,Taylor Stubblefield, ,", WR"
 2004,George Murray II,311,", WR"
 2004,Joe Merritt, ,", WR"
 2004,Gavin Dickey,238,", QB"
 2004,Desmond Reed,239,", RB"
 2004,Carlton Jones, ,", RB"
 2004,Carlyle Holiday, ,", WR"
 2004,Patrick Carter, ,", WR"
 2004,Reggie Brown, ,", WR"
 2004,Tommy Wilson, ,", QB"
 2004,J.R. Lemon, ,", RB"
 2004,Jacob Tamme, ,", TE"
 2004,Spencer Brinton, ,", QB"
 2004,Cedric Dargan, ,", RB"
 2005,Justin Holland,13,", QB"
 2005,Darrell Hackney,14,", QB"
 2005,Josh Betts,15,", QB"
 2005,Drew Stanton,16,", QB"
 2005,Jay Cutler,17,", QB"
 2005,Vince Young,18,", QB"
 2005,Jeff Rowe,19,", QB"
 2005,Steven Moffett, ,", QB"
 2005,John Stocco,21,", QB"
 2005,Brian Johnson,22,", QB"
 2005,Alex Brink,23,", QB"
 2005,Brian Brohm,24,", QB"
 2004,Peter Shields, ,", RB"
 2004,Austin Collie, ,", WR"
 2004,Jackson Brown, ,", QB"
 2004,Naufahu Tahi, ,", RB"
 2004,Jerious Norwood, ,", RB"
 2004,Steve Savoy, ,", WR"
 2004,Dyante Perkins, ,", RB"
 2004,Quinton Ganther, ,", RB"
 2005,Allen Webb,121,", QB"
 2004,Ryan Cubit,67,", QB"
 2004,Rasheed Marshall,68,", QB"
 2004,Lester Ricard,69,", QB"
 2004,Perry Patterson,70,", QB"
 2004,Vince Young,71,", QB"
 2004,Dustin Almond,72,", QB"
 2004,Jay Cutler,73,", QB"
 2005,Bryan Cupito,42,", QB"
 2005,Brodie Croyle,43,", QB"
 2005,Marques Hagans,44,", QB"
 2005,Charlie Whitehurst,45,", QB"
 2005,Dustin Grutza,82,", QB"
 2005,Jerad Romo,83,", QB"
 2005,Brandon Kirsch,84,", QB"
 2005,Joe Ayoob,85,", QB"
 2005,Micheal Spurlock,86,", QB"
 2005,Kole McKamey,87,", QB"
 2005,Andre' Woodson,88,", QB"
 2005,Leon Jackson,89,", QB"
 2005,Danny Embick,90,", QB"
 2005,Matt Ryan,91,", QB"
 2005,Perry Patterson,92,", QB"
 2005,Pat Julmiste,93,", QB"
 2005,Drew Willy,94,", QB"
 2004,Lamar Ferguson,313,", RB"
 2004,P.J. Daniels, ,", RB"
 2004,Michael Franklin,315,", RB"
 2004,Beau Davis, ,", QB"
 2004,Ryan Mitch, ,", QB"
 2004,Matt Payne, ,", PK"
 2004,Jabari Arthur, ,", WR"
 2004,Ivan Harrison, ,", RB"
 2004,T.J. Acree, ,", WR"
 2004,Chase Lyman, ,", WR"
 2004,Sean Harmon, ,", TE"
 2004,Robert Davis, ,", LB"
 2004,Clarence Pittman, ,", RB"
 2004,Chris Johnson, ,", RB"
 2004,Derrele Mitchell, ,", WR"
 2004,Hank Baskett, ,", WR"
 2004,Dontrell Moore, ,", RB"
 2004,Jared Jones, ,", WR"
 2004,Chase Holland, ,", S"
 2004,Andre Jerome Caldwell, ,", WR"
 2004,Kendal Briles, ,", QB"
 2004,Will Proctor, ,", QB"
 2005,Bret Meyer,25,", QB"
 2005,Dustin Almond,26,", QB"
 2005,Paul Smith,27,", QB"
 2005,Drew Tate,28,", QB"
 2005,Kent Smith,29,", QB"
 2005,James Pinkney,30,", QB"
 2005,Steven Wichman,31,", QB"
 2005,Matt Moore,32,", QB"
 2005,Joel Klatt,33,", QB"
 2005,Zac Taylor,34,", QB"
 2005,Chris Leak,35,", QB"
 2005,Corey Bramlet,36,", QB"
 2005,Omar Jacobs,37,", QB"
 2004,Anthony Harris, ,", RB"
 2004,Chris Francies, ,", WR"
 2004,Dwayne Thompson, ,", WR"
 2004,Mike Daniels, ,", RB"
 2004,Jayson Boyd, ,", WR"
 2004,Darryl Polk, ,", QB"
 2004,Nick Gildersleeve, ,", QB"
 2004,Andrew Wellock, ,", PK"
 2004,Sam Hunt, ,", QB"
 2004,Eugene Gross, ,", RB"
 2004,Floyd Smith, ,", WR"
 2005,Ben Mauk,122,", QB"
 2005,Matt Bonislawski,123,", QB"
 2005,Dan Nicholson,124,", QB"
 2005,Pat White,125,", QB"
 2005,Cory Randolph,126,", QB"
 2004,Scott Hall,74,", QB"
 2004,Matt Kubik, ,", QB"
 2004,Zac Dahman,76,", QB"
 2004,Trent Edwards,77,", QB"
 2004,Brandon Hassell,78,", QB"
 2004,Zack Mills,79,", QB"
 2004,Steven Moffett,80,", QB"
 2005,Mike McGann,95,", QB"
 2005,Rick Clausen,96,", QB"
 2005,Shaun Carney,97,", QB"
 2005,Quinton Porter,98,", QB"
 2005,Tim Hiller,99,", QB"
 2005,Jarrod Jackson,100,", S"
 2005,Lamar Owens,101,", QB"
 2005,Jay Davis,102,", QB"
 2005,Jason Swanson,103,", QB"
 2005,Joey Vincent,104,", S"
 2005,Austen Everson,105,", QB"
 2005,Jimmy Skinner,106,", QB"
 2004,Chansi Stuckey, ,", WR"
 2004,Jamario Thomas, ,", RB"
 2004,DeAngelo Williams, ,", RB"
 2004,Kellen Huston, ,", CB"
 2004,Sonny Shackelford, ,", WR"
 2004,Chris Barclay, ,", RB"
 2004,Andy Gray, ,", QB"
 2004,Mike Falco, ,", WR"
 2004,Justin Handley, ,", RB"
 2004,Wali Lundy, ,", RB"
 2004,Dyante Perkins, ,", RB"
 2005,D.J. Shockley,38,", QB"
 2005,Jared Zabransky,39,", QB"
 2005,Chad Henne,40,", QB"
 2004,Garren Strong, ,", WR"
 2004,Scooter McDougle, ,", RB"
 2004,John Torp,424,", P"
 2004,Michael Baker, ,", PK"
 2004,Rudy Burgess,426,", WR"
 2005,Julian Foster,127,", QB"
 2005,Dennis Dixon,128,", QB"
 2005,Erik Ainge,129,", QB"
 2005,Mike Teel,130,", QB"
 2005,Robbie Haas,131,", QB"
 2005,Ryan Cubit,132,", QB"
 2005,Jerod Walker,133,", QB"
 2005,Tye Gunn,134,", QB"
 2005,Brett Ratliff,135,", QB"
 2005,Hunter Cantwell,136,", QB"
 2005,Mike Henig,137,", QB"
 2005,Bobby Reid,138,", QB"
 2005,Tom Brandstater,241,", QB"
 2005,Rolly Lumbala,321,", RB"
 2005,Bryan Clampitt,201,", QB"
 2005,Charles Gordon,281,", DB"
 2005,Bernard Morris,107,", QB"
 2005,Willie Tuitama,108,", QB"
 2005,Al Pena,109,", QB"
 2005,Marcus Stone,110,", TE"
 2005,Carl Meadows,111,", QB"
 2005,Brian Luke,112,", QB"
 2005,Shane Steichen, ,", QB"
 2005,Zack Asack,114,", QB"
 2005,Daniel Meager,115,", QB"
 2004,Ken DeBauche, ,", P"
 2004,Jake Hammond, ,", QB"
 2004,Matt Lane, ,", QB"
 2005,Michael Desormeaux,139,", QB"
 2005,Casey Dick,140,", QB"
 2005,Chase Clement,141,", QB"
 2005,Joel Armstrong,142,", WR"
 2005,Ryan Gunderson,143,", QB"
 2005,Adam Bednarik,144,", QB"
 2005,Nick Cannon, ,", QB"
 2005,Jacob Doss, ,", QB"
 2005,John Ferguson,244,", QB"
 2005,Matt Nordgren,245,", QB"
 2005,Syvelle Newton, ,", WR"
 2005,Chad Huffman,247,", QB"
 2005,Cedric Washington,248,", WR"
 2005,Rudy Burgess,249,", WR"
 2005,Paul Dombrowski, ,", QB"
 2005,Brad Ekwerekwu, ,", WR"
 2005,Chris Crane,252,", QB"
 2005,Aundrae Allison,253,", WR"
 2005,Dontrell Moore, ,", RB"
 2005,Corey Partridge, ,", WR"
 2005,Justin Harper, ,", WR"
 2005,J.R. House,257,", QB"
 2005,Kevin Brown,258,", WR"
 2005,David Koral, ,", QB"
 2005,Marcus Jones,322,", LB"
 2005,Matt Trannon, ,", WR"
 2005,Ryan Rowland, ,", QB"
 2005,Arliss Beach,325,", RB"
 2005,Sam Paulescu, ,", P"
 2005,Michael McDonald,327,", QB"
 2005,Jeffrey Rhode, ,", QB"
 2005,Cody Freeby, ,", P"
 2005,Patrick Byrne, ,", QB"
 2005,Gary Banks, ,", WR"
 2005,Casey Paus,332,", QB"
 2005,Colt Charles, ,", QB"
 2005,Brandon Jones,202,", QB"
 2005,Colin Clancy,203,", QB"
 2005,James Cox,204,", QB"
 2005,Adam Barmann,205,", QB"
 2005,Darren Mougey,206,", WR"
 2005,Paul Thompson,207,", QB"
 2005,Nate Morton,208,", WR"
 2005,Kyle Israel, ,", QB"
 2005,Brett Biggs,210,", RB"
 2005,Orlando Cruz,211,", QB"
 2005,Andrew Wellock, ,", PK"
 2005,Jesse Blair,283,", TE"
 2005,Curtis Painter,116,", QB"
 2005,Omarr Conner,117,", WR"
 2005,Maurice Avery,118,", WR"
 2005,Robert Johnson,119,", WR"
 2005,Jerry Babb,120,", QB"
 2005,Terrence Nunn,361,", WR"
 2005,D.J. Hernandez,145,", WR"
 2005,Scott Elliott, ,", QB"
 2005,Ethan Flatt,147,", QB"
 2005,Anthony Turner,148,", RB"
 2005,Adam Fitch,149,", RB"
 2005,Jon Brown,150,", QB"
 2005,Jorvorskie Lane, ,", FB"
 2005,Anthony Johnson,261,", WR"
 2005,Kort Shankweiler,334,", FB"
 2005,Theo Jefferson, ,", S"
 2005,Peyton Hillis,336,", FB"
 2005,Aaron Perez, ,", P"
 2005,Kurt Milne, ,", P"
 2005,David Anderson, ,", WR"
 2005,Marcus Monk, ,", WR"
 2005,Reggie Bush, ,", RB"
 2005,Karim El Nokali, ,", QB"
 2005,Tremayne Kirkland,212,", WR"
 2005,Brian Hampton,213,", QB"
 2005,John Parker Wilson,214,", QB"
 2005,McKinson Souverain,215,", QB"
 2005,Graeme McFarland,216,", QB"
 2005,Emmanuel Byers,217,", WR"
 2005,Brian White,218,", QB"
 2005,Josh Portis, ,", QB"
 2005,Cory Holt,220,", QB"
 2005,Robert Lane,221,", TE"
 2005,Michael Harrington,222,", QB"
 2005,Josh Harris,223,", QB"
 2005,Travis Moore,224,", QB"
 2005,Christian Olsen,225,", QB"
 2005,Courtney Denson,226,", WR"
 2005,Van Johnson, ,", DB"
 2005,Johnny Quinn, ,", WR"
 2005,Jerramy Scott, ,", WR"
 2005,Sonny Shackelford, ,", WR"
 2005,Lendy Holmes, ,", CB"
 2005,Wali Lundy, ,", RB"
 2005,Adam Graessle, ,", P"
 2005,Ken DeBauche, ,", P"
 2005,Allan Holland, ,", QB"
 2005,Carlton Jones, ,", RB"
 2005,Brandon Williams, ,", WR"
 2005,Brian Calhoun, ,", RB"
 2005,Cole Chason, ,", P"
 2005,Kalvin McRae, ,", RB"
 2005,Chansi Stuckey, ,", WR"
 2005,Brady Leaf,151,", QB"
 2005,Xavier Lee,152,", QB"
 2005,Matt Flynn,153,", QB"
 2005,Matt Phillips,154,", QB"
 2005,Steve Levy,155,", QB"
 2005,Graham Harrell,156,", QB"
 2005,Will Hudgens,157,", QB"
 2005,Joe Tereshinski,158,", QB"
 2005,Justin Zwick,159,", QB"
 2005,Chase Daniel,160,", QB"
 2005,Michael Bush, ,", RB"
 2005,Harry Douglas, ,", WR"
 2005,P.J. Daniels, ,", RB"
 2005,DeSean Jackson, ,", WR"
 2005,Gary Russell, ,", RB"
 2005,Laurence Maroney, ,", RB"
 2005,Steve Breaston, ,", WR"
 2005,Jeff Kastl, ,", QB"
 2005,Chris Sprague, ,", P"
 2005,Clifford Harris, ,", RB"
 2005,Lendy Holmes, ,", CB"
 2005,Tiquan Underwood, ,", WR"
 2005,Brandon Allen, ,", WR"
 2005,Josiah Sears, ,", FB"
 2005,David Pevoto,227,", QB"
 2005,Todd Boeckman,228,", QB"
 2005,Warren Suess, ,", S"
 2005,Kenny James,230,", RB"
 2005,Alex Mortensen,231,", QB"
 2005,Jeremy Young,232,", QB"
 2005,Larry Dockery,233,", QB"
 2005,Derrick Bush,234,", RB"
 2005,Bush Hamdan,235,", QB"
 2005,Chad Hall, ,", WR"
 2005,Antonio McCoy, ,", WR"
 2005,Clark Green, ,", RB"
 2005,DeAngelo Williams, ,", RB"
 2005,Derrick Smith, ,", WR"
 2005,Idris Moss, ,", WR"
 2005,Derek Devine, ,", QB"
 2005,Michael Loveland, ,", DB"
 2005,Erick Jackson, ,", RB"
 2004,Joe Flacco,321,", QB"
 2005,Jarod Bryant,401,", QB"
 2005,Eddie Martin Jr., ,", S"
 2005,Brandon Jones, ,", RB"
 2005,Robert Johnson, ,", WR"
 2005,Adam Graessle, ,", P"
 2005,Andre Hall, ,", RB"
 2005,Chansi Stuckey, ,", WR"
 2005,Cole Chason, ,", P"
 2005,C.J. Bacher, ,", QB"
 2005,Kinsmon Lancaster,237,", QB"
 2005,Rufus Skillern,238,", WR"
 2005,Travis Hewitt,239,", QB"
 2005,Tyler Donovan,240,", QB"
 2005,Ryan Bohm, ,", RB"
 2005,Tony Pennyman, ,", WR"
 2005,Tyler Ebell, ,", RB"
 2005,Jason Carter, ,", WR"
 2005,Kenny McKinley, ,", WR"
 2005,Cole Stinson, ,", QB"
 2005,Fano Tagovailoa, ,", QB"
 2005,Quinton Ganther, ,", RB"
 2005,Charles Wynn, ,", RB"
 2005,Eric Weddle, ,", DB"
 2005,Jabari Arthur, ,", WR"
 2005,Eric Deslauriers, ,", WR"
 2005,Tom Sitko, ,", TE"
 2005,A.J. Harris, ,", RB"
 2005,Jarod Bryant, ,", QB"
 2004,Casey Hansen,322,", QB"
 2004,Adam Ernst, ,", QB"
 2004,Brian White, ,", QB"
 2004,Chris Malleo, ,", LB"
 2004,Bryce Benekos, ,", P"
 2004,Jared Hall,327,", QB"
 2004,Darron White, ,", WR"
 2004,Mike Henig, ,", QB"
 2004,Tom Sitko, ,", TE"
 2004,Pedro Holiday, ,", WR"
 2004,Dave Brytus, ,", P"
 2005,Terrence Whitehead, ,", RB"
 2005,Garren Strong, ,", WR"
 2005,Matt Dragich, ,", P"
 2005,Britton Colquitt, ,", P"
 2005,Bo Martin,409,", CB"
 2005,Josh Brown,410,", PK"
 2004,Jeff Ballard, ,", QB"
 2004,Mark Onibokun,334,", WR"
 2004,Damian Sims, ,", RB"
 2004,Jesse Blair, ,", TE"
 2004,Zach Ullrich, ,", QB"
 2004,Carl Meadows, ,", QB"
 2004,Matt Nordgren,339,", QB"
 2004,Tyler Donovan, ,", QB"
 2004,Brandon Hance,341,", QB"
 2004,Damien Nash,342,", RB"
 2004,Tim Brown, ,", RB"
 2004,Joey Kearney,344,", WR"
 2004,Jimmy Skinner, ,", QB"
 2004,Chad Schroeder, ,", WR"
 2004,Duan Bracey, ,", CB"
 2004,Curtis Falany,348,", QB"
 2004,Sean Douglas, ,", P"
 2005,Nick Davila,161,", QB"
 2004,Kenny James, ,", RB"
 2004,Jeremy Justice,351,", TE"
 2004,Justin Miller, ,", CB"
 2004,James Jones,353,", WR"
 2004,Clark Green, ,", RB"
 2004,Ronnie Brown,355,", RB"
 2004,Danny Baugher, ,", P"
 2004,Jeremy Davis, ,", P"
 2004,Tab Perry, ,", WR"
 2004,Kory Sperry, ,", TE"
 2004,Cris Love Jr., ,", QB"
 2005,Sean Clayton,162,", QB"
 2005,John David Booty,163,", QB"
 2005,Terrance Parks,164,", ?"
 2005,Chris Nelson,165,", QB"
 2005,Tyler Graunke,166,", QB"
 2005,Dennis Brown,167,", QB"
 2005,Stephen McGee,168,", QB"
 2005,Will Proctor,169,", QB"
 2005,Taylor Tharp,170,", QB"
 2005,Clint Cochran,171,", QB"
 2005,Caleb Jeffrey Hanie,172,", QB"
 2005,Johnny Durocher,173,", QB"
 2005,Tyler Jones,174,", WR"
 2005,Blake Field,175,", QB"
 2005,David Johnson,176,", QB"
 2005,Antonio Heffner, ,", QB"
 2005,Jason Manson,178,", QB"
 2005,Billy Barefield,179,", QB"
 2005,Joe DeSanzo,180,", QB"
 2005,Stewart Sampsel,181,", QB"
 2005,Curtis Pulley,182,", QB"
 2005,Joel Statham,183,", QB"
 2005,Donald Allen,184,", QB"
 2005,Tony Paoli,185,", QB"
 2005,Kirby Freeman,186,", QB"
 2005,Chris Pazan,187,", QB"
 2005,Tony Eckert,188,", QB"
 2005,Brian Hoyer,189,", QB"
 2005,Donovan Woods,190,", LB"
 2005,Chad Bozzo,191,", QB"
 2005,Joe Fields, ,", S"
 2005,Anthony Morelli, ,", QB"
 2005,Josh Swogger,194,", QB"
 2005,Taylor Bennett,195,", QB"
 2005,Carlton Hill,196,", QB"
 2005,Tavares Kendrick,197,", QB"
 2005,Matt Gutierrez,198,", QB"
 2005,Nate Longshore,199,", QB"
 2005,Tony Mortensen,200,", QB"
year,name,rank,pos
 2004,Sonny Cumbie,1,", QB"
 2004,Timmy Chang,2,", QB"
 2004,Omar Jacobs,3,", QB"
 2004,Joel Klatt,41,", QB"
 2004,Stan Hill,42,", QB"
 2004,Jerry Babb,43,", QB"
 2004,Steven Jyles,44,", QB"
 2004,Kent Smith,45,", QB"
 2004,Bryan Randall,46,", QB"
 2004,Brent Schaeffer,161,", QB"
 2004,Mark Bradley,281,", WR"
 2004,Buck Pierce,47,", QB"
 2004,James Kilian,48,", QB"
 2004,Darian Durant,49,", QB"
 2004,Michael Harrington,50,", QB"
 2004,Joshua Cribbs,51,", QB"
 2004,Walter Washington,52,", QB"
 2004,James Pinkney,53,", QB"
 2004,Brad Smith,54,", QB"
 2004,Reggie Ball,55,", WR"
 2004,Nick Noce,56,", QB"
 2004,Jay Davis,57,", QB"
 2004,Paul Pinegar,58,", QB"
 2004,Bryan Cupito,59,", QB"
 2004,Charlie Whitehurst,60,", QB"
 2004,Joe Dailey,61,", WR"
 2004,Marques Hagans,62,", QB"
 2004,John Stocco,63,", QB"
 2004,Matt LoVecchio,64,", QB"
 2004,Bret Meyer,65,", QB"
 2004,Travis Cox,66,", QB"
 2004,Ryan Cubit,67,", QB"
 2004,Rasheed Marshall,68,", QB"
 2004,Lester Ricard,69,", QB"
 2004,Chris Pazan,162,", QB"
 2004,John Nielsen,163,", QB"
 2004,Chris Moore,164,", QB"
 2004,Chris Phillips,165,", TE"
 2004,Reggie Nevels,166,", WR"
 2004,Brian Nooy,167,", QB"
 2004,Robert Lane,168,", TE"
 2004,Jason Swanson,169,", QB"
 2004,Paul Dombrowski,170,", QB"
 2004,Ronnie Banks,171,", QB"
 2004,Jason Beck,172,", QB"
 2004,Sam Hollenbach,173,", QB"
 2004,Kyle Wright, ,", QB"
 2004,Carnell Williams,283,", RB"
 2004,Damarius Bilbo, ,", WR"
 2004,Justin Roush, ,", RB"
 2004,Brandon Jones,286,", RB"
 2004,Jakari Wallace,287,", WR"
 2004,Christan Populis,288,", WR"
 2004,Charles Gordon, ,", DB"
 2004,Anthony Thornton,290,", P"
 2004,Kevin Roach, ,", WR"
 2004,Jordan Christensen, ,", QB"
 2004,Perry Patterson,70,", QB"
 2004,Vince Young,71,", QB"
 2004,Dustin Almond,72,", QB"
 2004,Jay Cutler,73,", QB"
 2004,Scott Hall,74,", QB"
 2004,Matt Kubik, ,", QB"
 2004,Zac Dahman,76,", QB"
 2004,Trent Edwards,77,", QB"
 2004,Brandon Hassell,78,", QB"
 2004,Zack Mills,79,", QB"
 2004,Steven Moffett,80,", QB"
 2004,Carl Bonnell,174,", QB"
 2004,Matt Berry, ,", QB"
 2004,Terrence Shawell,176,", QB"
 2004,Jeremy Young, ,", QB"
 2004,Robert Johnson,178,", WR"
 2004,Steven Bright,179,", FB"
 2004,Grant Arnoldink,180,", QB"
 2004,Ty Branyon,181,", QB"
 2004,Joe Fields,182,", S"
 2004,Marc Guillon,183,", QB"
 2004,Josh Harris,184,", QB"
 2004,Bobby Robison,185,", QB"
 2004,Matt Silva, ,", QB"
 2004,Antwan Smith,187,", QB"
 2004,Michael Sanford,188,", QB"
 2004,Charles Wynn, ,", RB"
 2004,Kevin McCabe,294,", QB"
 2004,Jason Carter, ,", WR"
 2004,Frank Divis, ,", RB"
 2004,Matt Bonislawski,297,", QB"
 2004,Zac Champion, ,", QB"
 2004,Mark Logan,299,", WR"
 2004,Paris Warren, ,", WR"
 2004,Terrance Highsmith,301,", WR"
 2004,Ross Pilkington, ,", WR"
 2004,Dustin Colquitt, ,", P"
 2004,Trey McDonald,304,", P"
 2004,Collin Carey, ,", QB"
 2004,Joe Flacco,321,", QB"
 2004,Casey Hansen,322,", QB"
 2004,Brian White, ,", QB"
 2004,Adam Ernst, ,", QB"
 2004,Chris Malleo, ,", LB"
 2004,Bryce Benekos, ,", P"
 2004,Jared Hall,327,", QB"
 2004,Darron White, ,", WR"
 2004,Mike Henig, ,", QB"
 2004,Tom Sitko, ,", TE"
 2004,Pedro Holiday, ,", WR"
 2004,Dave Brytus, ,", P"
 2004,Jeff Ballard, ,", QB"
 2004,Damian Sims,334,", RB"
 2004,Chris Dapolito,189,", QB"
 2004,Michael Robinson,190,", QB"
 2004,Omar Duarte, ,", QB"
 2004,Mike McGann,192,", QB"
 2004,Brandon Sumner,193,", QB"
 2004,Tali Ena,194,", QB"
 2004,Orlando Cruz, ,", QB"
 2004,Colt Charles,307,", QB"
 2004,Andre Hall,308,", RB"
 2004,Van Johnson, ,", DB"
 2004,Taylor Stubblefield, ,", WR"
 2004,George Murray II,311,", WR"
 2004,Joe Merritt, ,", WR"
 2004,Lamar Ferguson,313,", RB"
 2004,P.J. Daniels, ,", RB"
 2004,Michael Franklin,315,", RB"
 2004,Beau Davis, ,", QB"
 2004,Mark Onibokun, ,", WR"
 2004,Zach Ullrich, ,", QB"
 2004,Jesse Blair, ,", TE"
 2004,Carl Meadows, ,", QB"
 2004,Tyler Donovan,339,", QB"
 2004,Matt Nordgren, ,", QB"
 2004,Brandon Hance,341,", QB"
 2004,Damien Nash,342,", RB"
 2004,Tim Brown, ,", RB"
 2004,Joey Kearney,344,", WR"
 2004,Jimmy Skinner, ,", QB"
 2004,Chad Schroeder, ,", WR"
 2004,Duan Bracey, ,", CB"
 2004,Curtis Falany,348,", QB"
 2004,Sean Douglas, ,", P"
 2004,Kenny James, ,", RB"
 2004,Jeremy Justice,351,", TE"
 2004,Justin Miller, ,", CB"
 2004,James Jones,353,", WR"
 2004,Clark Green, ,", RB"
 2004,Jeremy Davis,355,", P"
 2004,Ronnie Brown, ,", RB"
 2004,J.R. Lemon, ,", RB"
 2004,Cris Love Jr.,361,", QB"
 2004,Kurt Milne, ,", P"
 2004,Justin Hoskins, ,", RB"
 2004,Kory Sperry, ,", TE"
 2004,Carlyle Holiday, ,", WR"
 2004,Patrick Carter, ,", WR"
 2004,Reggie Brown, ,", WR"
 2004,Tommy Wilson, ,", QB"
 2004,Ken DeBauche,401,", P"
 2004,Matt Lane, ,", QB"
 2004,Peter Shields, ,", RB"
 2004,Austin Collie, ,", WR"
 2004,Jackson Brown, ,", QB"
 2004,Naufahu Tahi, ,", RB"
 2004,Jerious Norwood, ,", RB"
 2004,Steve Savoy, ,", WR"
 2004,Dyante Perkins, ,", RB"
 2004,Quinton Ganther, ,", RB"
 2004,Devin Hollins,195,", QB"
 2004,Michael Rathe,196,", QB"
 2004,Joey Vincent,197,", S"
 2004,Sean Glennon,198,", QB"
 2004,Jordan Steffy,199,", QB"
 2004,Kyle Israel,200,", QB"
 2004,Ryan Mitch, ,", QB"
 2004,Matt Payne, ,", PK"
 2004,Jabari Arthur, ,", WR"
 2004,Ivan Harrison, ,", RB"
 2004,Kory Sperry, ,", TE"
 2004,Chase Lyman, ,", WR"
 2004,Andre Jerome Caldwell, ,", WR"
 2004,J.R. Lemon, ,", RB"
 2004,Jacob Tamme, ,", TE"
 2004,Spencer Brinton, ,", QB"
 2004,Cedric Dargan, ,", RB"
 2004,T.J. Acree, ,", WR"
 2004,Chase Lyman, ,", WR"
 2004,Sean Harmon, ,", TE"
 2004,Robert Davis, ,", LB"
 2004,Clarence Pittman, ,", RB"
 2004,Chris Johnson, ,", RB"
 2004,Derrele Mitchell, ,", WR"
 2004,Anthony Harris, ,", RB"
 2004,Chris Francies, ,", WR"
 2004,Dwayne Thompson, ,", WR"
 2004,Mike Daniels, ,", RB"
 2004,Jayson Boyd, ,", WR"
 2004,Darryl Polk, ,", QB"
 2004,Nick Gildersleeve, ,", QB"
 2004,Andrew Wellock, ,", PK"
 2004,Sam Hunt, ,", QB"
 2004,Eugene Gross, ,", RB"
 2004,Floyd Smith, ,", WR"
 2004,Garren Strong, ,", WR"
 2004,Scooter McDougle, ,", RB"
 2004,John Torp,424,", P"
 2004,Michael Baker, ,", PK"
 2005,Colt Brennan,1,", QB"
 2005,Cody Hodges,2,", QB"
 2005,Brady Quinn,3,", QB"
 2004,Hank Baskett, ,", WR"
 2004,Dontrell Moore, ,", RB"
 2004,Jared Jones, ,", WR"
 2004,Chase Holland, ,", S"
 2004,Andre Jerome Caldwell, ,", WR"
 2004,Kendal Briles, ,", QB"
 2004,Will Proctor, ,", QB"
 2004,Chansi Stuckey, ,", WR"
 2004,Jamario Thomas, ,", RB"
 2004,DeAngelo Williams, ,", RB"
 2004,Kellen Huston, ,", CB"
 2004,Sonny Shackelford, ,", WR"
 2004,Chris Barclay, ,", RB"
 2004,Rudy Burgess,426,", WR"
 2004,Wyatt Sexton,81,", QB"
 2004,Donovan Woods,82,", LB"
 2004,Justin Holland,83,", QB"
 2004,Drew Stanton,84,", QB"
 2004,Chris Rix,121,", QB"
 2004,Brian Johnson,201,", QB"
 2004,Cody Hodges,241,", QB"
 2004,Jason Samples, ,", WR"
 2004,Nate Morton,243,", WR"
 2005,Matt Leinart,4,", QB"
 2005,John Beck,5,", QB"
 2005,Brett Basanez,6,", QB"
 2005,Jordan Palmer,7,", QB"
 2005,Luke Getsy,8,", QB"
 2005,Paul Pinegar,9,", QB"
 2005,Kevin Kolb,10,", QB"
 2005,Drew Weatherford,11,", QB"
 2005,Drew Olson,12,", QB"
 2005,Justin Holland,13,", QB"
 2004,Andy Gray, ,", QB"
 2004,Mike Falco, ,", WR"
 2004,Justin Handley, ,", RB"
 2004,Wali Lundy, ,", RB"
 2004,Dyante Perkins, ,", RB"
 2004,Ken DeBauche, ,", P"
 2004,Jake Hammond, ,", QB"
 2004,Matt Lane, ,", QB"
 2004,Joel Statham,85,", QB"
 2004,Ryan Hawk,86,", QB"
 2004,Pat Julmiste,87,", QB"
 2004,Ethan Flatt,88,", QB"
 2004,Casey Paus,89,", QB"
 2004,Erik Ainge,90,", QB"
 2004,Dylan Meier,91,", QB"
 2004,Kris Heavner,122,", QB"
 2004,Brian Brohm,123,", QB"
 2004,Kurt Nantkes,124,", QB"
 2004,Aaron Leak,125,", QB"
 2004,Brandon Kirsch,126,", QB"
 2004,Richard Irvin,127,", QB"
 2004,Brad Bower,128,", QB"
 2004,Damon Dowdell,129,", QB"
 2004,P.J. Piskorik,130,", QB"
 2004,Jerad Romo,131,", QB"
 2004,Austen Everson,132,", QB"
 2004,D.T. McDowell,133,", QB"
 2004,Ben Mauk,134,", QB"
 2004,Shawn Bell,135,", QB"
 2004,Brodie Croyle,136,", QB"
 2004,Allen Webb,137,", QB"
 2004,Andre' Woodson,138,", QB"
 2004,Greg Henderson,139,", QB"
 2004,Travis Moore,140,", QB"
 2004,Jacob Young,202,", P"
 2004,Reggie Robertson,203,", QB"
 2004,Desmond Robinson,204,", QB"
 2004,Marcus Stone, ,", TE"
 2004,Damion Carter,206,", WR"
 2004,Graham Gochneaur,207,", QB"
 2004,Kyle Kummer, ,", QB"
 2004,Datwan Hemingway,209,", QB"
 2004,Curt Dukes,210,", QB"
 2004,Terrell Williams,211,", RB"
 2004,CJ Fayton, ,", ?"
 2004,Reggie Bush,245,", RB"
 2004,Clayton Richard, ,", QB"
 2004,Kenneth Buckley, ,", WR"
 2004,Chris Ganter, ,", QB"
 2004,Deon Adams,249,", WR"
 2004,Ikey Chuku, ,", WR"
 2004,Tres Moses,251,", WR"
 2004,Fano Tagovailoa, ,", QB"
 2004,Michael Bush,253,", RB"
 2004,Ramonce Taylor, ,", RB"
 2004,Maurice Jones-Drew,255,", RB"
 2004,Casey Gillin, ,", QB"
 2004,Jeff Carpenter,257,", RB"
 2005,Sam Hollenbach,41,", QB"
 2005,Bryan Cupito,42,", QB"
 2005,Brodie Croyle,43,", QB"
 2005,Marques Hagans,44,", QB"
 2005,Charlie Whitehurst,45,", QB"
 2005,Darrell Hackney,14,", QB"
 2005,Josh Betts,15,", QB"
 2005,Drew Stanton,16,", QB"
 2005,Jay Cutler,17,", QB"
 2005,Vince Young,18,", QB"
 2005,Jeff Rowe,19,", QB"
 2005,Steven Moffett, ,", QB"
 2005,John Stocco,21,", QB"
 2005,Brian Johnson,22,", QB"
 2005,Alex Brink,23,", QB"
 2005,Brian Brohm,24,", QB"
 2005,Bret Meyer,25,", QB"
 2005,Dustin Almond,26,", QB"
 2005,Paul Smith,27,", QB"
 2005,Drew Tate,28,", QB"
 2005,Kent Smith,29,", QB"
 2005,James Pinkney,30,", QB"
 2005,Steven Wichman,31,", QB"
 2005,Matt Moore,32,", QB"
 2005,Joel Klatt,33,", QB"
 2005,Zac Taylor,34,", QB"
 2004,Adam Barmann,92,", QB"
 2004,Tony Eckert,93,", QB"
 2004,Dale Rogers,94,", QB"
 2004,Josh Haldi,95,", QB"
 2004,Matt Dlugolecki,96,", QB"
 2004,Shane Boyd,97,", QB"
 2004,Shaun Carney,98,", QB"
 2004,Alex Brink,99,", QB"
 2004,Josh Swogger,100,", QB"
 2004,Kole McKamey,101,", QB"
 2004,Marcus Randall,102,", QB"
 2004,Omarr Conner,103,", WR"
 2004,Justin Zwick,104,", QB"
 2004,Caleb Jeffrey Hanie,105,", QB"
 2004,Aaron Polanco,106,", QB"
 2004,Joey Lynch,107,", QB"
 2004,Brian Luke,141,", QB"
 2004,D.J. Shockley,142,", QB"
 2004,Adam Tafralis,143,", QB"
 2004,Terrance Parks,144,", ?"
 2004,Leon Jackson III,145,", QB"
 2004,Isaiah Stanback,146,", WR"
 2004,J.J. Raterink,147,", QB"
 2004,Kyle York,148,", QB"
 2004,Brandon Cox,149,", QB"
 2004,Matt Ryan,150,", QB"
 2004,Randall Secky,151,", QB"
 2004,Micheal Spurlock,152,", QB"
 2004,Joel Armstrong, ,", WR"
 2004,Stephen Reaves,154,", QB"
 2004,James Cox,155,", QB"
 2004,Charles Hales, ,", QB"
 2004,Derrick Crudup,213,", QB"
 2004,Matt Flynn,214,", QB"
 2004,Beau Pierce,215,", QB"
 2004,Blake Powers, ,", TE"
 2004,Matt Cassel,217,", QB"
 2004,Al Pena,218,", QB"
 2004,Mike Kokal, ,", QB"
 2004,Jovon Bouknight,220,", WR"
 2004,David Koral,221,", QB"
 2004,Christian Olsen,222,", QB"
 2004,Eric McCollom,223,", QB"
 2004,Blake Mitchell,224,", QB"
 2004,Kainoa Akina,225,", QB"
 2004,Chance Mock,226,", QB"
 2004,Ryan Gunderson,227,", QB"
 2004,Joey Byerly,228,", QB"
 2004,Dennis Dixon, ,", QB"
 2004,Jeff Crooks,230,", QB"
 2004,Derrick Bush,231,", RB"
 2004,Tommy Grady,232,", QB"
 2004,Andy Heiser,233,", QB"
 2004,Marcus Perez,234,", WR"
 2004,Brandon Coleman,235,", QB"
 2004,Bernard Jackson,236,", QB"
 2004,Chris Jordan, ,", WR"
 2004,Gavin Dickey,238,", QB"
 2004,Desmond Reed,239,", RB"
 2004,Carlton Jones, ,", RB"
 2005,Allen Webb,121,", QB"
 2005,Ben Mauk,122,", QB"
 2005,Matt Bonislawski,123,", QB"
 2005,Dan Nicholson,124,", QB"
 2005,Pat White,125,", QB"
 2005,Cory Randolph,126,", QB"
 2005,Julian Foster,127,", QB"
 2005,Nick Davila,161,", QB"
 2005,Bryan Clampitt,201,", QB"
 2005,Brandon Jones,202,", QB"
 2005,Chris Leak,35,", QB"
 2005,Corey Bramlet,36,", QB"
 2005,Omar Jacobs,37,", QB"
 2005,D.J. Shockley,38,", QB"
 2005,Jared Zabransky,39,", QB"
 2005,Chad Henne,40,", QB"
 2004,Cole Stinson,108,", QB"
 2004,Syvelle Newton,109,", WR"
 2004,Jon Beutjer,110,", QB"
 2004,Tye Gunn,111,", QB"
 2004,JaMarcus Russell,112,", QB"
 2004,Shane Steichen,113,", QB"
 2004,Blayne Baggett,114,", QB"
 2004,Matt Baker,156,", QB"
 2004,Donald Allen,157,", QB"
 2004,Marques Council,158,", QB"
 2004,Adam Fitch,159,", RB"
 2004,Austin Flynn,160,", WR"
 2005,Dennis Dixon,128,", QB"
 2005,Erik Ainge,129,", QB"
 2005,Mike Teel,130,", QB"
 2005,Robbie Haas,131,", QB"
 2005,Ryan Cubit,132,", QB"
 2005,Jerod Walker,133,", QB"
 2005,Tye Gunn,134,", QB"
 2005,Brett Ratliff,135,", QB"
 2005,Hunter Cantwell,136,", QB"
 2005,Mike Henig,137,", QB"
 2005,Bobby Reid,138,", QB"
 2005,Michael Desormeaux,139,", QB"
 2005,Casey Dick,140,", QB"
 2005,Chase Clement,141,", QB"
 2005,Joel Armstrong,142,", WR"
 2005,Ryan Gunderson,143,", QB"
 2005,Adam Bednarik,144,", QB"
 2005,D.J. Hernandez,145,", WR"
 2005,Scott Elliott, ,", QB"
 2005,Ethan Flatt,147,", QB"
 2005,Anthony Turner,148,", RB"
 2005,Adam Fitch,149,", RB"
 2005,Jon Brown,150,", QB"
 2005,Brady Leaf,151,", QB"
 2005,Sean Clayton,162,", QB"
 2005,John David Booty,163,", QB"
 2005,Terrance Parks,164,", ?"
 2005,Chris Nelson,165,", QB"
 2005,Tyler Graunke,166,", QB"
 2005,Dennis Brown,167,", QB"
 2005,Stephen McGee,168,", QB"
 2005,Will Proctor,169,", QB"
 2005,Taylor Tharp,170,", QB"
 2005,Clint Cochran,171,", QB"
 2005,Caleb Jeffrey Hanie,172,", QB"
 2005,Johnny Durocher,173,", QB"
 2005,Tyler Jones,174,", WR"
 2005,Blake Field,175,", QB"
 2005,David Johnson,176,", QB"
 2005,Antonio Heffner, ,", QB"
 2005,Jason Manson,178,", QB"
 2005,Billy Barefield,179,", QB"
 2005,Joe DeSanzo,180,", QB"
 2005,Stewart Sampsel,181,", QB"
 2005,Curtis Pulley,182,", QB"
 2005,Joel Statham,183,", QB"
 2005,Donald Allen,184,", QB"
 2005,Tony Paoli,185,", QB"
 2005,Kirby Freeman,186,", QB"
 2005,Colin Clancy,203,", QB"
 2005,James Cox,204,", QB"
 2005,Adam Barmann,205,", QB"
 2005,Darren Mougey,206,", WR"
 2005,Paul Thompson,207,", QB"
 2005,Nate Morton,208,", WR"
 2005,Kyle Israel, ,", QB"
 2005,Brett Biggs,210,", RB"
 2005,Orlando Cruz,211,", QB"
 2005,Tremayne Kirkland,212,", WR"
 2005,Brian Hampton,213,", QB"
 2005,John Parker Wilson,214,", QB"
 2005,McKinson Souverain,215,", QB"
 2005,Graeme McFarland,216,", QB"
 2005,Emmanuel Byers,217,", WR"
 2005,Brian White,218,", QB"
 2005,Josh Portis, ,", QB"
 2005,Cory Holt,220,", QB"
 2005,Robert Lane,221,", TE"
 2005,Michael Harrington,222,", QB"
 2005,Josh Harris,223,", QB"
 2005,Travis Moore,224,", QB"
 2005,Christian Olsen,225,", QB"
 2005,Courtney Denson,226,", WR"
 2005,David Pevoto,227,", QB"
 2005,Todd Boeckman,228,", QB"
 2004,Spencer Pennington,115,", QB"
 2004,Cory Randolph,116,", QB"
 2004,Phil Horvath,117,", QB"
 2004,Rick Clausen,118,", QB"
 2004,Troy Smith,119,", QB"
 2004,Dondrial Pinkins,120,", QB"
 2005,Tom Brandstater,241,", QB"
 2005,Nick Cannon, ,", QB"
 2005,Jacob Doss, ,", QB"
 2005,John Ferguson,244,", QB"
 2005,Matt Nordgren,245,", QB"
 2005,Syvelle Newton, ,", WR"
 2005,Chad Huffman,247,", QB"
 2005,Cedric Washington,248,", WR"
 2005,Rudy Burgess,249,", WR"
 2005,Paul Dombrowski, ,", QB"
 2005,Brad Ekwerekwu, ,", WR"
 2005,Chris Crane,252,", QB"
 2005,Rolly Lumbala,321,", RB"
 2005,Marcus Jones,322,", LB"
 2005,Matt Trannon, ,", WR"
 2005,Ryan Rowland, ,", QB"
 2005,Xavier Lee,152,", QB"
 2005,Matt Flynn,153,", QB"
 2005,Matt Phillips,154,", QB"
 2005,Steve Levy,155,", QB"
 2005,Graham Harrell,156,", QB"
 2005,Will Hudgens,157,", QB"
 2005,Joe Tereshinski,158,", QB"
 2005,Justin Zwick,159,", QB"
 2005,Chase Daniel,160,", QB"
 2005,Chris Pazan,187,", QB"
 2005,Tony Eckert,188,", QB"
 2005,Brian Hoyer,189,", QB"
 2005,Donovan Woods,190,", LB"
 2005,Chad Bozzo,191,", QB"
 2005,Joe Fields, ,", S"
 2005,Anthony Morelli, ,", QB"
 2005,Josh Swogger,194,", QB"
 2005,Taylor Bennett,195,", QB"
 2005,Carlton Hill,196,", QB"
 2005,Warren Suess, ,", S"
 2005,Kenny James,230,", RB"
 2005,Alex Mortensen,231,", QB"
 2005,Jeremy Young,232,", QB"
 2005,Larry Dockery,233,", QB"
 2005,Derrick Bush,234,", RB"
 2005,Bush Hamdan,235,", QB"
 2005,C.J. Bacher, ,", QB"
 2005,Kinsmon Lancaster,237,", QB"
 2005,Rufus Skillern,238,", WR"
 2005,Travis Hewitt,239,", QB"
 2005,Terrence Nunn,361,", WR"
 2005,Van Johnson, ,", DB"
 2005,Lendy Holmes, ,", CB"
 2005,Jerramy Scott, ,", WR"
 2005,Johnny Quinn, ,", WR"
 2005,Adam Graessle, ,", P"
 2005,Chansi Stuckey, ,", WR"
 2005,Cole Chason, ,", P"
 2005,Aundrae Allison,253,", WR"
 2005,Dontrell Moore, ,", RB"
 2005,Corey Partridge, ,", WR"
 2005,Justin Harper, ,", WR"
 2005,J.R. House,257,", QB"
 2005,David Koral,258,", QB"
 2005,Kevin Brown, ,", WR"
 2005,Jorvorskie Lane, ,", FB"
 2005,Anthony Johnson,261,", WR"
 2005,Arliss Beach,325,", RB"
 2005,Sam Paulescu, ,", P"
 2005,Michael McDonald,327,", QB"
 2005,Jeffrey Rhode, ,", QB"
 2005,Cody Freeby, ,", P"
 2005,Patrick Byrne, ,", QB"
 2005,Gary Banks, ,", WR"
 2005,Casey Paus,332,", QB"
 2005,Colt Charles, ,", QB"
 2005,Kort Shankweiler,334,", FB"
 2005,Theo Jefferson, ,", S"
 2005,Tavares Kendrick,197,", QB"
 2005,Matt Gutierrez,198,", QB"
 2005,Nate Longshore,199,", QB"
 2005,Tony Mortensen,200,", QB"
 2005,Tyler Donovan,240,", QB"
 2005,Allan Holland, ,", QB"
 2005,Sonny Shackelford, ,", WR"
 2005,Kalvin McRae, ,", RB"
 2005,Wali Lundy, ,", RB"
 2005,Antonio McCoy, ,", WR"
 2005,DeAngelo Williams, ,", RB"
 2005,Idris Moss, ,", WR"
 2005,Carlton Jones, ,", RB"
 2005,Chad Hall, ,", WR"
 2005,Ken DeBauche, ,", P"
 2005,Brandon Williams, ,", WR"
 2005,Brian Calhoun, ,", RB"
 2005,Derrick Smith, ,", WR"
 2005,Clark Green, ,", RB"
 2005,Derek Devine, ,", QB"
 2005,Michael Loveland, ,", DB"
 2005,Erick Jackson, ,", RB"
 2005,Jason Carter, ,", WR"
 2005,Ryan Bohm, ,", RB"
 2005,Tony Pennyman, ,", WR"
 2005,Peyton Hillis,336,", FB"
 2005,Aaron Perez, ,", P"
 2005,Kurt Milne, ,", P"
 2005,David Anderson, ,", WR"
 2005,Marcus Monk, ,", WR"
 2005,Reggie Bush, ,", RB"
 2005,Karim El Nokali, ,", QB"
 2005,Michael Bush, ,", RB"
 2005,Harry Douglas, ,", WR"
 2005,P.J. Daniels, ,", RB"
 2005,DeSean Jackson, ,", WR"
 2005,Gary Russell, ,", RB"
 2005,Laurence Maroney, ,", RB"
 2005,Steve Breaston, ,", WR"
 2005,Jeff Kastl, ,", QB"
 2005,Chris Sprague, ,", P"
 2005,Clifford Harris, ,", RB"
 2005,Lendy Holmes, ,", CB"
 2005,Tiquan Underwood, ,", WR"
 2005,Brandon Allen, ,", WR"
 2005,Josiah Sears, ,", FB"
 2005,Adam Graessle, ,", P"
 2005,Eddie Martin Jr.,401,", S"
 2005,A.J. Harris, ,", RB"
 2005,Brandon Jones, ,", RB"
 2005,Matt Dragich, ,", P"
 2005,Terrence Whitehead, ,", RB"
 2005,Garren Strong, ,", WR"
 2005,Robert Johnson, ,", WR"
 2005,Britton Colquitt, ,", P"
 2005,Bo Martin,409,", CB"
 2005,Josh Brown,410,", PK"
 2005,Tyler Ebell, ,", RB"
 2005,Fano Tagovailoa, ,", QB"
 2005,Quinton Ganther, ,", RB"
 2005,Eric Weddle, ,", DB"
 2005,Cole Stinson, ,", QB"
 2005,Charles Wynn, ,", RB"
 2005,Kenny McKinley, ,", WR"
 2005,Jabari Arthur, ,", WR"
 2005,Eric Deslauriers, ,", WR"
 2005,Tom Sitko, ,", TE"
 2005,A.J. Harris, ,", RB"
 2005,Kaipo-Noa Kaheaku-Enhada, ,", QB"
 2005,Andre Hall, ,", RB"
 2005,Chansi Stuckey, ,", WR"
 2005,Cole Chason, ,", P"
 2005,Jeff Ballard,81,", QB"
 2005,Dustin Grutza,82,", QB"
 2005,Jerad Romo,83,", QB"
 2005,Brandon Kirsch,84,", QB"
 2005,Joe Ayoob,85,", QB"
 2005,Micheal Spurlock,86,", QB"
 2005,Kole McKamey,87,", QB"
 2005,Andre' Woodson,88,", QB"
 2005,Leon Jackson,89,", QB"
 2005,Danny Embick,90,", QB"
 2005,Matt Ryan,91,", QB"
 2005,Perry Patterson,92,", QB"
 2005,Pat Julmiste,93,", QB"
 2005,Drew Willy,94,", QB"
 2005,Mike McGann,95,", QB"
 2005,Rick Clausen,96,", QB"
 2005,Shaun Carney,97,", QB"
 2005,Quinton Porter,98,", QB"
 2005,Tim Hiller,99,", QB"
 2005,Jarrod Jackson,100,", S"
 2005,Lamar Owens,101,", QB"
 2005,Jay Davis,102,", QB"
 2005,Jason Swanson,103,", QB"
 2005,Joey Vincent,104,", S"
 2005,Austen Everson,105,", QB"
 2005,Jimmy Skinner,106,", QB"
 2005,Bernard Morris,107,", QB"
 2005,Willie Tuitama,108,", QB"
 2005,Al Pena,109,", QB"
 2005,Marcus Stone,110,", TE"
 2005,Carl Meadows,111,", QB"
 2005,Brian Luke,112,", QB"
 2005,Shane Steichen, ,", QB"
 2005,Zack Asack,114,", QB"
 2005,Daniel Meager,115,", QB"
 2005,Curtis Painter,116,", QB"
 2005,Omarr Conner,117,", WR"
 2005,Maurice Avery,118,", WR"
 2005,Robert Johnson,119,", WR"
 2005,Jerry Babb,120,", QB"
 2005,Charles Gordon,281,", DB"
 2005,Andrew Wellock, ,", PK"
 2005,Jesse Blair,283,", TE"
